journal	created	deposited	published.print	doi	indexed	issn	issue	issued	member	page	prefix	publisher	score	source	reference.count	references.count	is.referenced.by.count	title	type	url	volume	short.container.title	published.online	language	update.policy	subtitle	archive_	na.	isbn	author.names	published_on	citations	CiteScore	SJR	WebQualis
Acta Scientiarum. Health Sciences	2018-03-08	2018-03-08	NA	10.4025/actascihealthsci.v40i1.33469	2022-11-15	1807-8648,1679-9291	1	2018-02-23	2451	33469	10.4025	Universidade Estadual de Maringa	1	Crossref	0	0	2	&lt;b&gt;Cardiac autonomic profile in cervical spinal cord injury subjects practitioners of the physical exercise	journal-article	http://dx.doi.org/10.4025/actascihealthsci.v40i1.33469	40	Acta Sci. Health Sci.	2018-02-23	NA	NA	NA	NA	NA	NA	Edgar William Martins, Roberto Magalhães, Moacir Marocolo, Alex Souto Maior	2018	0	0.4	0.142	B2
Acta Scientiarum. Health Sciences	2017-09-06	2017-09-06	NA	10.4025/actascihealthsci.v39i2.33468	2022-04-03	1807-8648,1679-9291	2	2017-08-22	2451	141	10.4025	Universidade Estadual de Maringa	1	Crossref	0	0	0	&lt;b&gt;Profile of the cardiac repolarization in cervical spinal cord injury subjects performing physical exercise	journal-article	http://dx.doi.org/10.4025/actascihealthsci.v39i2.33468	39	Acta Sci. Health Sci.	2017-08-22	NA	NA	NA	NA	NA	NA	Roberto Magalhães, Edgar William Martins, Alex Souto Maior, Moacir Marocolo	2017	0	0.4	0.142	B2
International Journal of Chronic Obstructive Pulmonary Disease	2020-12-07	2022-12-03	NA	10.2147/copd.s276690	2023-11-03	1178-2005	NA	2020-12	301	3273-3289	10.2147	Informa UK Limited	1	Crossref	62	62	5	&lt;p&gt;Oscillation Mechanics, Integer and Fractional Respiratory Modeling in COPD: Effect of Obstruction Severity&lt;/p&gt;	journal-article	http://dx.doi.org/10.2147/copd.s276690	Volume 15	COPD	2020-12	en	NA	NA	NA	NA	NA	Caroline Oliveira Ribeiro, Agnaldo José Lopes, Pedro Lopes de Melo	2020	0	NA	0.954	A1
Poster Presentations	2021-11-24	2024-05-14	2021-11	10.1136/bjsports-2021-ioc.187	2024-05-14	NA	NA	2021-11	239	NA	10.1136	BMJ Publishing Group Ltd and British Association of Sport and Exercise Medicine	1	Crossref	0	0	0	202 Variables associated with knee valgus in male soccer players during a single leg vertical landing task	proceedings-article	http://dx.doi.org/10.1136/bjsports-2021-ioc.187	NA	NA	2021-11-23	NA	http://dx.doi.org/10.1136/crossmarkpolicy	NA	NA	NA	NA	Gustavo Leporace, Matheus Vianna, Leonardo Metsavaht, Marcio Tannure, Alex Souto Maior	2021	0	NA	NA	NA
Brazilian Journal of Physical Therapy	2024-03-21	2024-03-23	2024-04	10.1016/j.bjpt.2024.100944	2024-03-24	1413-3555	NA	2024-04	78	100944	10.1016	Elsevier BV	1	Crossref	0	0	0	6-MINUTE WALK TEST EVALUATION WITH CARDIAC AUTONOMIC CONTROL IN WOMEN WITH SYSTEMIC SCLEROSIS	journal-article	http://dx.doi.org/10.1016/j.bjpt.2024.100944	28	Brazilian Journal of Physical Therapy	NA	en	http://dx.doi.org/10.1016/elsevier_cm_policy	NA	NA	NA	NA	Nathália Alves de Oliveira Saraiva, Iasmim de Oliveira Farias, Brenda Mesquita dos Santos, Agnaldo José Lopes	2024	0	6.4	1.008	A2
Revista Augustus	2020-06-10	2020-06-10	NA	10.15202/1981896.2020v25n51p357	2023-12-04	1981-1896	51	2020-06-03	7456	357-369	10.15202	Sociedade Unificada de Ensino Augusto Motta -UNISUAM	1	Crossref	0	0	2	A COVID-19 E O DISTANCIAMENTO SOCIAL: quando a onda da internet substituiu a onda do mar para a prática de exercícios físicos	journal-article	http://dx.doi.org/10.15202/1981896.2020v25n51p357	25	revistaaugustus	2020-06-03	NA	NA	NA	NA	NA	NA	Patrícia Dos Santos Vigário, Roberto Miranda Ramos Costa	2020	0	NA	NA	NA
Fisioterapia Brasil	2019-04-30	2024-04-02	NA	10.33233/fb.v20i2.2226	2024-04-03	2526-9747,1518-9740	2	2019-05-01	49417	147-155	10.62827	Atlântica Editora	1	Crossref	0	0	0	A influência da Fisioterapia na redução da intensidade da dor e no efeito global percebido de pacientes com dores musculoesqueléticas	journal-article	http://dx.doi.org/10.33233/fb.v20i2.2226	20	Fisioter Bras	2019-05-01	NA	NA	NA	NA	NA	NA	Aline Oliveira Chaves, Renato Santos Almeida, Leticia Amaral Corrêa, Felipe José Jandre Dos Reis, Ney Armando Mello Meziat-Filho, Leandro Alberto Calazans Nogueira	2019	0	NA	NA	B2
Fisioterapia e Pesquisa	2013-11-02	2019-07-31	2013-09	10.1590/s1809-29502013000300015	2024-05-20	1809-2950	3	2013-09	530	293-298	10.1590	FapUNIFESP (SciELO)	1	Crossref	26	26	6	Abordagem fisioterapêutica da ataxia espinocerebelar: uma revisão sistemática	journal-article	http://dx.doi.org/10.1590/s1809-29502013000300015	20	Fisioter. Pesqui.	NA	NA	NA	NA	NA	NA	NA	Camilla Polonini Martins, Erika de Carvalho Rodrigues, Laura Alice Santos de Oliveira	2013	0	NA	NA	B1
Human Movement	2020-02-26	2024-03-22	NA	10.5114/hm.2020.91347	2024-03-22	1899-1955	3	2020-02-19	3061	64-70	10.5114	Termedia Sp. z.o.o.	1	Crossref	0	0	1	Absolute and relative peak power during pneumatic squat exercise using different percentages of loads in elite soccer players	journal-article	http://dx.doi.org/10.5114/hm.2020.91347	21	Hum Mov.	2020-02-19	NA	NA	NA	NA	NA	NA	Alex Souto Maior	2020	0	0.8	0.435	B1
Journal of Bodywork and Movement Therapies	2021-03-07	2023-03-29	2021-07	10.1016/j.jbmt.2021.02.026	2023-03-29	1360-8592	NA	2021-07	78	233-238	10.1016	Elsevier BV	1	Crossref	32	32	0	Acute effect of different duration times of application of myofascial release on quadriceps femoris strength: A randomized clinical trial	journal-article	http://dx.doi.org/10.1016/j.jbmt.2021.02.026	27	Journal of Bodywork and Movement Therapies	NA	en	http://dx.doi.org/10.1016/elsevier_cm_policy	NA	NA	NA	NA	Tamires Cristina Campos de Almeida, Vanessa Paes, Maurício Soares, Guilherme de Freitas Fonseca, Maicom Lima, Júlio Guilherme Silva	2021	0	2.5	0.48	A2
Revista Dor	2017-03-13	2017-03-13	2017	10.5935/1806-0013.20170018	2022-04-03	1806-0013	1	2017	3948	NA	10.5935	GN1 Sistemas e Publicacoes Ltd.	1	Crossref	0	0	0	Acute effect of Kinesio Taping on knee pain and stability. Case report	journal-article	http://dx.doi.org/10.5935/1806-0013.20170018	18	NA	NA	en	NA	NA	NA	NA	NA	Alexsandro da Silva Oliveira, Débora Pedroza Guedes da Silva, Júlio Guilherme Silva	2017	0	NA	NA	A3
International Journal of Sports Medicine	2016-08-23	2017-05-22	NA	10.1055/s-0042-104197	2024-04-04	0172-4622,1439-3964	11	2016-08-23	194	855-862	10.1055	Georg Thieme Verlag KG	1	Crossref	0	0	15	Acute Hypotensive Response to Continuous and Accumulated Isocaloric Aerobic Bouts	journal-article	http://dx.doi.org/10.1055/s-0042-104197	37	Int J Sports Med	2016-08-23	en	NA	NA	NA	NA	NA	F. Cunha, A. Midgley, L. Pescatello, P. Soares, P. Farinatti	2016	0	5.4	0.73	A2
Medicina Sportiva	2014-03-21	2017-06-14	2014-03-20	10.5604/17342260.1094790	2023-02-11	1734-2260	1	2014-03-20	3689	36-41	10.5604	Index Copernicus	1	Crossref	0	0	3	ACUTE RESPONSES OF RATE PRESSURE PRODUCT IN SETS OF RESISTANCE EXERCISE	journal-article	http://dx.doi.org/10.5604/17342260.1094790	18	Med Sport	NA	NA	NA	NA	NA	NA	NA	Alex Souto Maior, Pedro L. Katayama, Gustavo R. Mota, André A. Lauria, Octávio Barbosa Neto, Daniel G. S. Freitas, Moacir Marocolo	2014	0	NA	NA	NA
Respiratory Physiology &amp; Neurobiology	2013-12-12	2022-03-19	2014-02	10.1016/j.resp.2013.12.004	2024-06-19	1569-9048	NA	2014-02	78	39-47	10.1016	Elsevier BV	1	Crossref	59	59	27	Airflow pattern complexity during resting breathing in patients with COPD: Effect of airway obstruction	journal-article	http://dx.doi.org/10.1016/j.resp.2013.12.004	192	Respiratory Physiology &amp; Neurobiology	NA	en	http://dx.doi.org/10.1016/elsevier_cm_policy	NA	NA	NA	NA	Karla Kristine Dames, Agnaldo José Lopes, Pedro Lopes de Melo	2014	0	4.7	0.574	A4
Baltic Journal of Health and Physical Activity	2022-07-07	2022-07-07	NA	10.29359/bjhpa.14.2.06	2022-07-08	2080-9999	2	2022-06-30	11905	Article6	10.29359	Gdansk University of Physical Education and Sport	1	Crossref	0	0	0	An assessment of isometric muscle strength and the hamstring: Quadriceps ratio among males trained with free weights vs. machines	journal-article	http://dx.doi.org/10.29359/bjhpa.14.2.06	14	BJHPA	2022-06-30	NA	NA	NA	NA	NA	NA	Geferson Honorato Da Silva, Alex Souto Maior	2022	0	1.2	0.246	NA
Revista de Educação Física / Journal of Physical Education	2023-10-18	2023-10-18	NA	10.37310/ref.v92i1.2932	2023-10-19	2447-8946,0102-8464	1	2023-10-11	23595	NA	10.37310	Centro de Capacitacao Fisica do Exercito	1	Crossref	0	0	0	Anais do 21º Simpósio Internacional de Atividades Físicas do Rio de Janeiro (SIAFIS-2023)	journal-article	http://dx.doi.org/10.37310/ref.v92i1.2932	92	Rev Ed Física / J Phys Ed	2023-10-11	NA	NA	NA	NA	NA	NA	REF JPE CCFEx	2023	0	NA	NA	B3
Arquivos Brasileiros de Educação Física	2021-10-21	2021-11-18	NA	10.20873/abef.2595-0096.v4n1pg0140100	2022-04-01	NA	1	2021	8462	NA	10.20873	Universidade Federal do Tocantins	1	Crossref	0	0	0	Anais do I Congresso Internacional Online de Fisioterapia Músculoesquelética	journal-article	http://dx.doi.org/10.20873/abef.2595-0096.v4n1pg0140100	4	Arq. Bras. Ed. Fís.	2021	NA	NA	NA	NA	NA	NA	 	2021	0	NA	NA	B4
Revista Brasileira de Educação Física e Esporte	2021-06-05	2021-06-05	NA	10.11606/1807-5509202000020283	2022-04-02	1981-4690,1807-5509	2	2020-06-21	4873	283-293	10.11606	Universidade de Sao Paulo, Agencia USP de Gestao da Informacao Academica (AGUIA)	1	Crossref	0	0	0	Análise cinemática dos membros superiores em atletas de Rugby em cadeira de rodas:	journal-article	http://dx.doi.org/10.11606/1807-5509202000020283	34	Rev Bras Educ Fís Esporte	2020-06-21	NA	NA	estudo observacional	NA	NA	NA	Alexsandro da Silva Oliveira, Diego Ramirez, Luiz Alberto Batista, Patrícia dos Santos Vigário, Julio Guilherme Silva	2020	0	NA	NA	B2
Brazilian Journal of Physical Therapy	2014-04-01	2016-12-15	NA	10.1590/s1413-35552013005000097	2022-04-05	1413-3555	4	2013-08-01	530	328-335	10.1590	FapUNIFESP (SciELO)	1	Crossref	0	0	5	Analysis of the user satisfaction level in a public physical therapy service	journal-article	http://dx.doi.org/10.1590/s1413-35552013005000097	17	Braz. J. Phys. Ther.	2013-08-01	en	NA	NA	NA	NA	NA	Renato S. Almeida, Leandro A. C. Nogueira, Stéphane Bourliataux-Lajoine	2013	0	6.4	1.008	A2
Asian Journal of Sports Medicine	2018-11-28	2023-09-25	NA	10.5812/asjsm.82017	2023-09-25	2008-000X,2008-7209	4	2018-11-28	3819	NA	10.5812	Briefland	1	Crossref	53	53	1	Applicability of the Kinect Sensor in the Rehabilitation of Balance Control in the Elderly: A Pilot Study	journal-article	http://dx.doi.org/10.5812/asjsm.82017	9	Asian J Sports Med	2018-11-28	NA	http://dx.doi.org/10.5812/crossmark_update_policy	NA	NA	NA	NA	Hebert Olímpio Junior, Danielle Romanazzi Lopes, Juan Fernandes de Castro, Plínio dos Santos Ramos, André Gustavo Fernandes de Oliveira, Agnaldo José Lopes	2018	0	1.0	0.194	B1
Revista Brasileira de Fisiologia do exerc&amp;iacute cio	2021-11-30	2022-12-05	NA	10.33233/rbfex.v20i5.4824	2022-12-06	2675-1372,1677-8510	5	2021-12-07	18483	542-551	10.33233	Convergences Editorial	1	Crossref	0	0	0	Aptidão cardiorrespiratória durante o teste cardiopulmonar de esforço de indivíduos com amputação unilateral de membro inferior	journal-article	http://dx.doi.org/10.33233/rbfex.v20i5.4824	20	Rev Bras Fisiol Exerc	2021-12-07	NA	NA	NA	NA	NA	NA	Roberto Miranda Ramos Costa, Patrícia Marques Aroso Lisboa de Castro, Mauro Augusto dos Santos, Míriam Raquel Meira Mainenti, Agnaldo José Lopes, Patrícia dos Santos Vigário	2021	0	NA	NA	B2
Revista Brasileira de Ciência e Movimento	2023-03-24	2023-03-24	NA	10.31501/rbcm.v30i1.12858	2023-03-25	0103-1716	1	2022-04-18	16587	NA	10.31501	Universidade Catolica de Brasilia	1	Crossref	0	0	0	ARE CRANIOCERVICAL FLEXION TEST AND THE PECTORALIS MINOR INDEX USEFUL TESTS FOR PATIENTS WITH SUBACROMIAL PAIN SYNDROME?	journal-article	http://dx.doi.org/10.31501/rbcm.v30i1.12858	30	R. Bras. Ci. e Mov.	2022-04-18	NA	NA	NA	NA	NA	NA	Bruno Senos Queiroz Gomes, Leticia Amaral Corrêa, Juliana Valentim Bittencourt, Ney Armando Meziat-Filho, Julio Guilherme Silva, Leandro Alberto Calazans Nogueira	2022	0	NA	NA	B2
Brazilian Journal of Physical Therapy	2024-03-21	2024-03-23	2024-04	10.1016/j.bjpt.2024.100789	2024-03-24	1413-3555	NA	2024-04	78	100789	10.1016	Elsevier BV	1	Crossref	0	0	0	ASSESSMENT OF THE LONG-TERM PHYSICAL CAPACITY OF COVID-19 SURVIVORS	journal-article	http://dx.doi.org/10.1016/j.bjpt.2024.100789	28	Brazilian Journal of Physical Therapy	NA	en	http://dx.doi.org/10.1016/elsevier_cm_policy	NA	NA	NA	NA	Jéssica Gabriela Messias Oliveira, Rayanne Costa de Sales, Renan Pereira Campos, Beatriz Luiza Pinheiro Alves Azevedo, Thiago Thomaz Mafort, Agnaldo José Lopes	2024	0	6.4	1.008	A2
Revista Portuguesa de Pneumologia	2013-12-04	2019-08-04	2014-01	10.1016/j.rppneu.2013.06.009	2022-04-02	0873-2159	1	2014-01	78	31-35	10.1016	Elsevier BV	1	Crossref	12	12	1	Associação entre a mecânica respiratória e função autonómica na obesidade mórbida	journal-article	http://dx.doi.org/10.1016/j.rppneu.2013.06.009	20	Revista Portuguesa de Pneumologia	NA	pt	http://dx.doi.org/10.1016/elsevier_cm_policy	NA	NA	NA	NA	M. Sant’ Anna Junior, R.F. Carvalhal, J.R.I. Carneiro, M.S. Lapa, W.A. Zin, J.R. Lugon, F.S. Guimarães	2014	0	NA	NA	B2
Arquivos Brasileiros de Cardiologia	2015-01-29	2021-03-05	2015	10.5935/abc.20150012	2022-03-29	0066-782X	NA	2015	22636	NA	10.36660	Sociedade Brasileira de Cardiologia	1	Crossref	0	0	1	Association Between Hemodynamic Profile, Physical Capacity and Quality of Life in Pulmonary Hypertension	journal-article	http://dx.doi.org/10.5935/abc.20150012	NA	NA	NA	en	NA	NA	NA	NA	NA	Diego de Faria Magalhães Torres, Walter Araujo Zin, Agnaldo José Lopes, Patrícia dos Santos Vigário, Marcelo Iorio Garcia, Daniel Waetge, Marcelo Luiz da Silva Bandeira, Luiz Gustavo Pignataro Bessa, Fernando Silva Guimarães	2015	0	3.4	0.363	B2
Arquivos Brasileiros de Cardiologia	2015-01-29	2021-03-05	2015	10.5935/abc.20150012	2022-03-29	0066-782X	NA	2015	22636	NA	10.36660	Sociedade Brasileira de Cardiologia	1	Crossref	0	0	1	Association Between Hemodynamic Profile, Physical Capacity and Quality of Life in Pulmonary Hypertension	journal-article	http://dx.doi.org/10.5935/abc.20150012	NA	NA	NA	en	NA	NA	NA	NA	NA	Diego de Faria Magalhães Torres, Walter Araujo Zin, Agnaldo José Lopes, Patrícia dos Santos Vigário, Marcelo Iorio Garcia, Daniel Waetge, Marcelo Luiz da Silva Bandeira, Luiz Gustavo Pignataro Bessa, Fernando Silva Guimarães	2015	0	3.4	0.363	B2
BMC Research Notes	2021-02-17	2021-02-17	2021-12	10.1186/s13104-021-05479-x	2022-04-01	1756-0500	1	2021-02-16	297	NA	10.1186	Springer Science and Business Media LLC	1	Crossref	17	17	0	Association between ventilatory efficiency, oxygen uptake, and Glittre-ADL test results in patients with chronic heart failure: a preliminary study	journal-article	http://dx.doi.org/10.1186/s13104-021-05479-x	14	BMC Res Notes	2021-02-16	en	http://dx.doi.org/10.1007/springer_crossmark_policy	NA	NA	NA	NA	Hebert Olímpio Júnior, Agnaldo José Lopes, Fernando Silva Guimarães, Sergio Luiz Soares Marcos da Cunha Chermont, Sara Lúcia Silveira de Menezes	2021	0	4.2	0.486	B1
Fisioterapia e Pesquisa	2020-08-01	2021-01-23	NA	10.1590/1809-2950/19013727022020	2022-03-31	2316-9117,1809-2950	2	2020-06	530	168-173	10.1590	FapUNIFESP (SciELO)	1	Crossref	30	30	0	Avaliação da distribuição do peso corporal em hemiparéticos: medidas posturográficas versus o instrumento Avaliação da Simetria e Transferência de Peso	journal-article	http://dx.doi.org/10.1590/1809-2950/19013727022020	27	Fisioter. Pesqui.	2020-06	NA	NA	NA	NA	NA	NA	Camilla Polonini Martins, Thiago Moreira Xarles, Thiago Lemos, Laura Alice Santos de Oliveira	2020	0	NA	NA	B1
NA	2023-01-29	2023-01-29	NA	10.47879/ed.ep.2023687	2023-01-30	NA	NA	2023	27836	NA	10.47879	Epitaya	1	Crossref	0	0	0	Avaliação e Prescrição de Exercícios no Envelhecimento	edited-book	http://dx.doi.org/10.47879/ed.ep.2023687	NA	NA	2023	NA	NA	NA	NA	NA	9786587809687	Estêvão Rios Monteiro	2023	0	NA	NA	NA
Journal of Aging and Physical Activity	2016-09-06	2022-08-02	2017-04	10.1123/japa.2016-0100	2024-05-27	1063-8652,1543-267X	2	2017-04	100	218-227	10.1123	Human Kinetics	1	Crossref	0	0	20	Balance Control and Peripheral Muscle Function in Aging: A Comparison Between Individuals with Acromegaly and Healthy Subjects	journal-article	http://dx.doi.org/10.1123/japa.2016-0100	25	NA	NA	NA	NA	NA	NA	NA	NA	Telassin Silva Homem, Fernando Silva Guimarães, Maurício Santos Soares, Leandro Kasuki, Mônica Roberto Gadelha, Agnaldo José Lopes	2017	0	3.0	0.509	A3
Motriz: Revista de Educação Física	2014-12-18	2017-05-23	2014-12	10.1590/s1980-65742014000400011	2022-04-05	1980-6574	4	2014-12	530	442-447	10.1590	FapUNIFESP (SciELO)	1	Crossref	20	20	0	Braking and propulsive impulses in individuals with patellofemoral pain syndrome when walking up and down stairs	journal-article	http://dx.doi.org/10.1590/s1980-65742014000400011	20	Motriz: rev. educ. fis.	NA	NA	NA	NA	NA	NA	NA	Marcelo Camargo Saad, Renato Moraes, Lilian Ramiro Felicio, Débora Bevilaqua-Grossi	2014	0	NA	0.199	B1
Perceptual and Motor Skills	2018-04-10	2018-04-10	NA	10.1177/0031512518767755	2022-04-14	0031-5125,1558-688X	NA	2018-04-09	179	003151251876775	10.1177	SAGE Publications	1	Crossref	46	46	2	Brazilian Portuguese Version of the Amputee Body Image Scale: Cultural Adaptation and a Psychometric Analysis	journal-article	http://dx.doi.org/10.1177/0031512518767755	NA	Percept Mot Skills	2018-04-09	en	http://dx.doi.org/10.1177/sage-journals-update-policy	NA	NA	NA	NA	Lucilene Ferreira, Alinne G. M. Meregui, Miriam R. M. Mainenti, Patrícia S. Vigário, Angela N. Neves	2018	0	2.8	0.557	B1
Asian Journal of Sports Medicine	2020-04-19	2020-06-30	NA	10.5812/asjsm.101400	2022-04-01	2008-000X,2008-7209	2	2020-04-19	3819	NA	10.5812	Kowsar Medical Institute	1	Crossref	38	38	4	Cardiac Autonomic Control in Women with Rheumatoid Arthritis During the Glittre Activities of Daily Living Test	journal-article	http://dx.doi.org/10.5812/asjsm.101400	11	Asian J Sports Med	2020-04-19	NA	http://dx.doi.org/10.5812/crossmark_update_policy	NA	NA	NA	NA	Antonio Beira de Andrade Junior, Arthur de Sá Ferreira, Ana Carolina Brandão Assis, Leila Paula Alves da Silva Nascimento, Christiane Fialho Ribeiro, Jannis Vasileios Papathanasiou, Agnaldo José Lopes	2020	0	1.0	0.194	B1
American Journal of Case Reports	2023-05-23	2023-05-23	NA	10.12659/ajcr.939473	2023-12-01	1941-5923	NA	2023-05-16	4947	NA	10.12659	International Scientific Information, Inc.	1	Crossref	0	0	1	Chocolate-Colored Pseudochylothorax in a Woman with a History of Pleuropulmonary Tuberculosis	journal-article	http://dx.doi.org/10.12659/ajcr.939473	24	Am J Case Rep	2023-05-16	en	NA	NA	NA	NA	NA	Laura Braga Monnerat, Elisa Barbosa Louzada, Vanessa Godinho Souza Braga, Mariana Soares da Cal, Agnaldo José Lopes, Thiago Thomaz Mafort	2023	0	1.6	0.282	A4
Fisioterapia Brasil	2018-12-21	2024-04-02	NA	10.33233/fb.v18i5.1289	2024-04-03	2526-9747,1518-9740	5	2018-02-27	49417	598-607	10.62827	Atlântica Editora	1	Crossref	0	0	1	Comparação entre o método Reequilí­brio Toracoabdominal e a fisioterapia respiratória convencional em recém-nascidos com taquipneia transitória: um ensaio clí­nico randomizado	journal-article	http://dx.doi.org/10.33233/fb.v18i5.1289	18	Fisioter Bras	2018-02-27	NA	NA	NA	NA	NA	NA	Miriana Carvalho De Oliveira, Cristina Ortiz Sobrinho, Marco Orsini	2018	0	NA	NA	B2
Journal of Physical Therapy Science	2014-06-29	2022-04-09	2014	10.1589/jpts.26.801	2022-12-16	0915-5287,2187-5626	6	2014	533	801-804	10.1589	Society of Physical Therapy Science	1	Crossref	18	18	4	Comparative Analysis Electroencephalographic of Alpha, Beta and Gamma Bands of a Healthy Individual and One with Hemiparesis	journal-article	http://dx.doi.org/10.1589/jpts.26.801	26	J Phys Ther Sci	NA	en	NA	NA	NA	NA	NA	Dionis de Castro Dutra Machado, Glenda Crispim Lima, Rodrigo Souza dos Santos, Amanda Júlia Bezerra Ramos, Cáio César Menezes de Sousa, Rayele Pricila Moreira dos Santos, Karyna Kelly Oliveira Coelho, Mauricio Cagy, Marco Orsini, Victor Hugo Bastos	2014	0	NA	NA	C
MOJ Sports Medicine	2022-01-06	2022-01-06	NA	10.15406/mojsm.2020.04.00099	2022-11-22	2574-9935	3	2020-07-21	6139	81-85	10.15406	MedCrave Group, LLC	1	Crossref	0	0	2	Comparison of ankle range of motion and functional performance between practitioners of resistance exercise with free-weight vs. Machine	journal-article	http://dx.doi.org/10.15406/mojsm.2020.04.00099	4	MOJSM	2020-07-21	NA	http://dx.doi.org/10.15406/crossmark-policy	NA	NA	NA	NA	Alex Souto Maior, Eduardo Lobo, Marcos Braz, José Carlos de Campos Jr, Gustavo Leporace	2020	0	NA	NA	B4
Brazilian Journal Of Pain	2020-08-17	2024-04-22	2020	10.5935/2595-0118.20200187	2024-04-23	2595-0118	3	2020	3948	NA	10.5935	GN1 Sistemas e Publicacoes Ltd.	1	Crossref	0	0	2	Comparison of the effect of two virtual reality stimuli on pressure pain sensitivity and autonomic response	journal-article	http://dx.doi.org/10.5935/2595-0118.20200187	3	NA	NA	en	NA	NA	NA	NA	NA	Thayná Caetano Alves Silva, Pamela Martin Bandeira, Amanda Dutra da Silva Ranzatto, Ney Armando Meziat-Filho, Leandro Alberto Calazans Nogueira, Orlando Fernandes Júnior, Felipe José Jandre dos Reis	2020	0	NA	NA	B1
Brazilian Journal Of Pain	2019-05-10	2024-06-05	2019	10.5935/2595-0118.20190030	2024-06-06	2595-0118	2	2019	3948	NA	10.5935	GN1 Sistemas e Publicacoes Ltd.	1	Crossref	0	0	2	ConheceDOR: the development of a board game for modern pain education for patients with musculoskeletal pain	journal-article	http://dx.doi.org/10.5935/2595-0118.20190030	2	NA	NA	en	NA	NA	NA	NA	NA	Juliana Carvalho de Paiva Valentim, Ney Armando Meziat-Filho, Leandro Calazans Nogueira, Felipe J. Jandre Reis	2019	0	NA	NA	B1
Acta Ortopédica Brasileira	2013-08-28	2023-07-04	2013-08	10.1590/s1413-78522013000400003	2023-07-04	1413-7852	4	2013-08	530	198-201	10.1590	FapUNIFESP (SciELO)	1	Crossref	30	30	4	Contribuição da avaliação dos sinais clínicos em pacientes com síndrome da dor patelofemural	journal-article	http://dx.doi.org/10.1590/s1413-78522013000400003	21	Acta ortop. bras.	NA	NA	NA	NA	NA	NA	NA	Rogério Ferreira Liporaci, Marcelo Camargo Saad, Lílian Ramiro Felício, Augusto do Prado Baffa, Débora Bevilaqua Grossi	2013	0	1.0	0.247	B1
Brazilian Journal of Medical and Biological Research	2020-10-21	2021-01-24	NA	10.1590/1414-431x202010279	2023-12-14	1414-431X,0100-879X	12	2020	530	NA	10.1590	FapUNIFESP (SciELO)	1	Crossref	28	28	2	Contribution of lung function in predicting distance covered in the 6-min walk test in obese Brazilian women	journal-article	http://dx.doi.org/10.1590/1414-431x202010279	53	Braz J Med Biol Res	2020	NA	NA	NA	NA	NA	NA	C.A. Luchesa, T.T. Mafort, R.R. Silva, I.C. Paro, F.M. Souza, A.J. Lopes	2020	0	4.5	0.492	A3
Journal of Physical Education	2018-05-15	2018-05-15	NA	10.4025/jphyseduc.v29i1.2936	2023-03-27	2448-2455	1	2018	2451	NA	10.4025	Universidade Estadual de Maringa	1	Crossref	0	0	3	CONTROLE POSTURAL DE ATLETAS COM DIFERENTES GRAUS DE  DEFICIÊNCIA VISUAL	journal-article	http://dx.doi.org/10.4025/jphyseduc.v29i1.2936	29	J Phys Educ	2018	NA	NA	NA	NA	NA	NA	Claudemir do Nascimento Santos, Thiago Lemos de Carvalho, Lilian Ramiro Felício, Míriam Raquel  Meira Mainenti, Patrícia dos Santos Vigário	2018	0	0.7	0.226	B1
Lung	2014-07-21	2023-07-15	2014-10	10.1007/s00408-014-9626-1	2024-06-02	0341-2040,1432-1750	5	2014-07-22	297	653-659	10.1007	Springer Science and Business Media LLC	1	Crossref	42	42	20	Correlations Between Small Airway Function, Ventilation Distribution, and Functional Exercise Capacity in COPD Patients	journal-article	http://dx.doi.org/10.1007/s00408-014-9626-1	192	Lung	2014-07-22	en	http://dx.doi.org/10.1007/springer_crossmark_policy	NA	NA	NA	NA	Agnaldo José Lopes, Thiago Thomaz Mafort	2014	0	6.4	1.293	B1
NeuroImage: Clinical	2019-04-01	2019-08-28	2019	10.1016/j.nicl.2019.101808	2023-05-18	2213-1582	NA	2019	78	101808	10.1016	Elsevier BV	1	Crossref	79	79	2	Cortical lateralization of cheirosensory processing in callosal dysgenesis	journal-article	http://dx.doi.org/10.1016/j.nicl.2019.101808	23	NeuroImage: Clinical	NA	en	http://dx.doi.org/10.1016/elsevier_cm_policy	NA	NA	NA	NA	Myriam Monteiro, Ricardo de Oliveira-Souza, Juliana Andrade, Theo Marins, Erika de Carvalho Rodrigues, Ivanei Bramati, Roberto Lent, Jorge Moll, Fernanda Tovar-Moll	2019	0	8.1	1.425	A2
PLoS ONE	2014-04-14	2019-08-09	NA	10.1371/journal.pone.0094824	2024-03-18	1932-6203	4	2014-04-14	340	e94824	10.1371	Public Library of Science (PLoS)	1	Crossref	60	60	23	Corticospinal Excitability Preceding the Grasping of Emotion-Laden Stimuli	journal-article	http://dx.doi.org/10.1371/journal.pone.0094824	9	PLoS ONE	2014-04-14	en	http://dx.doi.org/10.1371/journal.pone.corrections_policy	NA	NA	NA	NA	Anaelli Aparecida Nogueira-Campos, Laura Alice Santos de Oliveira, Valeria Della-Maggiore, Paula Oliveira Esteves, Erika de Carvalho Rodrigues, Claudia D. Vargas	2014	0	6.0	0.839	A1
BMC Research Notes	2023-09-26	2023-11-19	NA	10.1186/s13104-023-06513-w	2023-11-19	1756-0500	1	2023-09-26	297	NA	10.1186	Springer Science and Business Media LLC	1	Crossref	15	15	0	Cross-cultural adaptation of the Parental Perceptions of Children’s Exposure to Tobacco Smoke instrument to the Brazilian context	journal-article	http://dx.doi.org/10.1186/s13104-023-06513-w	16	BMC Res Notes	2023-09-26	en	http://dx.doi.org/10.1007/springer_crossmark_policy	NA	NA	NA	NA	Maria Alice Santos Tavares, Vicki Myers, Leandro Alberto Calazans Nogueira, Agnaldo José Lopes	2023	0	4.2	0.486	B1
Jornal Brasileiro de Psiquiatria	2018-12-15	2018-12-29	NA	10.1590/0047-2085000000215	2024-06-19	1982-0208,0047-2085	4	2018-12	530	273-277	10.1590	FapUNIFESP (SciELO)	1	Crossref	15	15	4	Cross-cultural adaptation of the Revised Neurophysiology of Pain Questionnaire into Brazilian Portuguese language	journal-article	http://dx.doi.org/10.1590/0047-2085000000215	67	J. bras. psiquiatr.	2018-12	NA	NA	NA	NA	NA	NA	Leandro Alberto Calazans Nogueira, Aline de Oliveira Chaves, Nathalia Oliveira, Renato Santos de Almeida, Felipe José Jandre Reis, Fernanda Guimarães de Andrade, Mark Jon Catley	2018	0	1.1	0.254	B3
Muscle Ligaments and Tendons Journal	2023-08-29	2023-08-29	NA	10.32098/mltj.03.2023.14	2023-08-30	2240-4554	03	2023-09	9508	449	10.32098	Edra SpA	1	Crossref	0	0	0	Deadlift Exercise with Shoes or Barefoot: Effects on Balance and Postural Control in Men and Women	journal-article	http://dx.doi.org/10.32098/mltj.03.2023.14	13	Muscle Ligaments and Tendons J	2023-09	NA	NA	NA	NA	NA	NA	A. Souto Maior, L.F. da Silva	2023	0	1.4	0.241	A3
Journal of Physical Therapy Science	2015-04-29	2019-08-24	2015	10.1589/jpts.27.1223	2024-05-20	0915-5287,2187-5626	4	2015	533	1223-1225	10.1589	Society of Physical Therapy Science	1	Crossref	11	11	9	Decreasing fall risk in spinocerebellar ataxia	journal-article	http://dx.doi.org/10.1589/jpts.27.1223	27	J Phys Ther Sci	NA	en	NA	NA	NA	NA	NA	Laura Alice Santos de Oliveira, Camilla Polonini Martins, Carlos Henrique Ramos Horsczaruk, Débora Cristina Lima da Silva, José Vicente Pereira Martins, Luiz Felipe Rocha Vasconcelos, Erika de Carvalho Rodrigues	2015	0	NA	NA	C
Cuadernos de Psicología del Deporte	2020-01-22	2020-01-22	NA	10.6018/cpd.339631	2024-01-13	1989-5879	2	2019-03-18	4046	147-159	10.6018	Servicio de Publicaciones de la Universidad de Murcia	1	Crossref	0	0	1	Dissimilaridade entre o estado de humor, humor deprimido e qualidade de vida em atletas com deficiência visual	journal-article	http://dx.doi.org/10.6018/cpd.339631	19	CPD	2019-03-18	NA	NA	NA	NA	NA	NA	Patricia dos Santos Vigário, Julia Ribeiro Lemos, Míriam Raquel Meira Mainenti, Angela Nogueira Neves	2019	0	NA	NA	NA
Brazilian Journal of Physical Therapy	2024-03-21	2024-03-23	2024-04	10.1016/j.bjpt.2024.100981	2024-03-24	1413-3555	NA	2024-04	78	100981	10.1016	Elsevier BV	1	Crossref	0	0	0	DO THERAPIST-ORIENTED HOME REHABILITATION IMPROVE HAND FUNCTION AND HANDGRIP IN WOMEN WITH SYSTEMIC SCLEROSIS?	journal-article	http://dx.doi.org/10.1016/j.bjpt.2024.100981	28	Brazilian Journal of Physical Therapy	NA	en	http://dx.doi.org/10.1016/elsevier_cm_policy	NA	NA	NA	NA	Samantha Gomes de Alegria, Matheus Mello da Silva, Brenda Mesquita dos Santos, Beatriz Luiza Pinheiro Alves Azevedo, Jéssica Gabriela Messias Oliveira, Agnaldo José Lopes	2024	0	6.4	1.008	A2
European Journal of Physical and Rehabilitation Medicine	2022-01-20	2022-04-28	2022-04	10.23736/s1973-9087.21.06894-5	2024-06-10	1973-9087,1973-9095	2	2022-04	17149	NA	10.23736	Edizioni Minerva Medica	1	Crossref	40	40	3	Does group-based high-intensity aerobic interval training improve the inflammatory status in patients with chronic heart failure?	journal-article	http://dx.doi.org/10.23736/s1973-9087.21.06894-5	58	Eur J Phys Rehabil Med	NA	NA	NA	NA	NA	NA	NA	Jannis V. PAPATHANASIOU, Ivo PETROV, Dorothea TSEKOURA, Yannis DIONYSSIOTIS, Arthur S. FERREIRA, Agnaldo J. LOPES, Concetta LJOKA, Calogero FOTI	2022	0	7.3	0.955	A2
Archives of Endocrinology and Metabolism	2015-07-22	2020-09-05	2016-06	10.1590/2359-3997000000079	2023-07-01	2359-3997	3	2016-06	8510	236-245	10.20945	Archives of Endocrinology and Metabolism	1	Crossref	40	40	2	Does low serum TSH within the normal range have negative impact on physical exercise capacity and quality of life of healthy elderly people?	journal-article	http://dx.doi.org/10.1590/2359-3997000000079	60	Arch. Endocrinol. Metab.	NA	NA	NA	NA	NA	NA	NA	Dhiãnah Santini de Oliveira Chachamovitz, Patrícia dos Santos Vigário, Rafael Cavalcante Carvalho, Diego Henrique da Silva Silvestre, Ana Eduarda Vieira Moerbeck, Mariana Guimarães Soffientini, Érika Luciana Gomes Luna, Clara Werner Rosemberg, Míriam Raquel Meira Mainenti, Mário Vaisman, Patricia de Fátima dos Santos Teixeira	2016	0	3.1	0.461	B2
Asian Journal of Sports Medicine	2018-03-11	2023-09-25	NA	10.5812/asjsm.63946	2023-09-25	2008-000X,2008-7209	1	2018-03-11	3819	NA	10.5812	Briefland	1	Crossref	43	43	3	Does the Kinesio Tape Provide more Knee Extensor Torque?	journal-article	http://dx.doi.org/10.5812/asjsm.63946	9	Asian J Sports Med	2018-03-11	NA	http://dx.doi.org/10.5812/crossmark_update_policy	NA	NA	NA	NA	Mauricio dos Santos Soares, Agnaldo Jose Lopes, Patricia dos Santos Vigario, Marcio Puglia Souza, Helcio Figueiredo da Costa, Lilian Ramiro Felicio	2018	0	1.0	0.194	B1
NA	2022-11-23	2022-11-23	NA	10.47879/ed.ep.2022625	2022-11-24	NA	NA	2022	27836	NA	10.47879	Epitaya	1	Crossref	0	0	0	Educação em saúde, envelhecimento e bem-estar	edited-book	http://dx.doi.org/10.47879/ed.ep.2022625	NA	NA	2022	NA	NA	NA	NA	NA	9786587809625	Maria Geralda de Miranda, Helena Portes Sava de Farias, Bruno Matos de Farias	2022	0	NA	NA	NA
Fisioterapia Brasil	2018-12-20	2024-04-02	NA	10.33233/fb.v19i1.2182	2024-04-02	2526-9747,1518-9740	1	2018-03-17	NA	58-64	10.62827	NA	1	Crossref	0	0	0	Efeito de pistas auditivas rí­tmicas na marcha de pacientes com Doença de Parkinson	journal-article	http://dx.doi.org/10.33233/fb.v19i1.2182	19	Fisioter Bras	2018-03-17	NA	NA	NA	NA	NA	NA	Wilma Costa Souza, Gabriela de Oliveira Lima Paim, Alba Barros Souza Fernandes, Marco Felipe Bouzada, Marco Orsini	2018	0	NA	NA	B2
Fisioterapia Brasil	2018-12-21	2024-04-02	NA	10.33233/fb.v18i2.796	2024-04-03	2526-9747,1518-9740	2	2017-05-02	49417	180-188	10.62827	Atlântica Editora	1	Crossref	0	0	0	Efeito imediato da técnica de mobilização nas interfaces fasciais profundas da região peitoral em pacientes submetidas í  mastectomia	journal-article	http://dx.doi.org/10.33233/fb.v18i2.796	18	Fisioter Bras	2017-05-02	NA	NA	NA	NA	NA	NA	José Roberto de Abreu Prado Junior, Kelly Rosane Inocêncio, André Custódio Da Silva, Marcia dos Santos Almeida, Anke Bergmann, Júlio Guilherme Silva	2017	0	NA	NA	B2
Journal of Functional Morphology and Kinesiology	2017-06-19	2024-06-07	NA	10.3390/jfmk2020021	2024-06-14	2411-5142	2	2017-06-19	1968	21	10.3390	MDPI AG	1	Crossref	49	49	2	Effect of Cervical Kinesthetic Motor Imagery on Postural Control of Healthy Young Adults with Fear of Falling	journal-article	http://dx.doi.org/10.3390/jfmk2020021	2	JFMK	2017-06-19	en	NA	NA	NA	NA	NA	Nélio Silva de Souza, Ana Martins, Caroline Ferreira, Yasmin Motizuki, Christiano Machado, Marco Orsini, Marco Leite, Victor Bastos	2017	0	3.7	0.69	B1
Revista Andaluza de Medicina del Deporte	2020-10-27	2024-02-07	NA	10.33155/j.ramd.2019.12.003	2024-02-08	2172-5063,1888-7546	2	2019-12-04	18532	87-91	10.33155	Centro Andaluz de Medicina del Deporte	1	Crossref	0	0	0	Effect of pre-fatiguing the triceps brachii on subsequent strength performance and myoelectric activity in the barbell, dumbbell and Smith machine bench press	journal-article	http://dx.doi.org/10.33155/j.ramd.2019.12.003	13	Rev And Med Dep	2019-12-04	NA	NA	NA	NA	NA	NA	Déborah De Araújo Farias, Gabriel Andrade Paz, Patrícia Dos Santos Vigário, Jeffrey M. Willardson, Ewertton De Souza Bezerra, Humberto Miranda	2019	0	0.4	NA	B1
Journal of Bodywork and Movement Therapies	2023-04-12	2023-06-08	2023-04	10.1016/j.jbmt.2023.04.017	2023-06-08	1360-8592	NA	2023-04	78	81-86	10.1016	Elsevier BV	1	Crossref	33	33	0	Effects of foam rolling and strength training on post exercise hypotension in normotensive women: A cross-over study	journal-article	http://dx.doi.org/10.1016/j.jbmt.2023.04.017	34	Journal of Bodywork and Movement Therapies	NA	en	http://dx.doi.org/10.1016/elsevier_cm_policy	NA	NA	NA	NA	Estêvão Rios Monteiro, Jakob L. Vingren, Linda S. Pescatello, Victor Gonçalves Corrêa Neto, Amanda Fernandes Brown, J. Derek Kingsley, Julio Guilherme Silva, Jeferson Macedo Vianna, Jefferson da Silva Novaes	2023	0	2.5	0.48	A2
Biomedical Human Kinetics	2020-03-13	2024-05-02	2020-01-01	10.2478/bhk-2020-0008	2024-05-03	2080-2234	1	2020-01-01	374	59-68	10.2478	Walter de Gruyter GmbH	1	Crossref	39	39	3	Effects of intermittent negative pressure and active recovery therapies in the post-match period in elite soccer players: A randomized, parallel arm, comparative study	journal-article	http://dx.doi.org/10.2478/bhk-2020-0008	12	NA	2020-03-09	en	NA	NA	NA	NA	NA	Alex Souto Maior, Marcio Tannure, Fábio Eiras, Arthur de Sá Ferreira	2020	0	1.7	0.246	B1
Iberoamerican Journal of Medicine	2022-07-24	2022-07-24	NA	10.53986/ibjm.2022.0028	2023-04-11	2695-5075	3	2022-07-16	32236	157-163	10.53986	Iberoamerican Journal of Medicine	1	Crossref	0	0	1	Effects of neural mobilization in the treatment of chronic low back pain: a systematic review	journal-article	http://dx.doi.org/10.53986/ibjm.2022.0028	4	Iberoam J Med	2022-07-16	NA	NA	NA	NA	NA	NA	Suelen Carla Souza de Faria, NA NA, Renato Carvalho Vilella, Laiz Helena de Castro Toledo Guimaraes, Luciana Crepaldi Lunkes, NA NA, NA NA, NA NA, NA NA	2022	0	NA	NA	NA
Journal of Child Health Care	2018-01-12	2020-12-09	2018-06	10.1177/1367493517752500	2023-11-28	1367-4935,1741-2889	2	2018-01-11	179	216-227	10.1177	SAGE Publications	1	Crossref	37	37	7	Effects of underwater bubble CPAP on very-low-birth-weight preterm newborns in the delivery room and after transport to the neonatal intensive care unit	journal-article	http://dx.doi.org/10.1177/1367493517752500	22	J Child Health Care	2018-01-11	en	http://dx.doi.org/10.1177/sage-journals-update-policy	NA	NA	NA	NA	Vera Lucia Barros Abelenda, Tania Cristina Oliveira Valente, Cirlene Lima Marinho, Agnaldo José Lopes	2018	0	3.8	0.613	A1
Journal of Intensive Care Medicine	2013-04-11	2023-06-30	2015-01	10.1177/0885066613483265	2023-08-12	0885-0666,1525-1489	1	2013-04-10	179	37-43	10.1177	SAGE Publications	1	Crossref	36	36	10	Evaluation of a New Index of Mechanical Ventilation Weaning	journal-article	http://dx.doi.org/10.1177/0885066613483265	30	J Intensive Care Med	2013-04-10	en	http://dx.doi.org/10.1177/sage-journals-update-policy	The Timed Inspiratory Effort	NA	NA	NA	Leonardo Cordeiro de Souza, Fernando Silva Guimarães, Jocemir Ronaldo Lugon	2013	0	6.7	1.043	A2
Brazilian Journal Of Pain	2021-03-31	2024-04-19	2021	10.5935/2595-0118.20210023	2024-04-19	2595-0118	NA	2021	3948	NA	10.5935	GN1 Sistemas e Publicacoes Ltd.	1	Crossref	0	0	0	Evaluation of an on-line resource for pain education by health professionals and
            people with musculoskeletal pain	journal-article	http://dx.doi.org/10.5935/2595-0118.20210023	NA	NA	NA	en	NA	NA	NA	NA	NA	Marcella Nobre Martins, Pamela Martin Bandeira, Ney Meziat-Filho, Leandro Calazans Nogueira, Felipe José Jandre dos Reis	2021	0	NA	NA	B1
BMC Research Notes	2023-09-30	2023-11-22	NA	10.1186/s13104-023-06522-9	2023-11-23	1756-0500	1	2023-09-30	297	NA	10.1186	Springer Science and Business Media LLC	1	Crossref	20	20	0	Evaluation of cardiac autonomic control during the 6-min walk test in women with systemic sclerosis	journal-article	http://dx.doi.org/10.1186/s13104-023-06522-9	16	BMC Res Notes	2023-09-30	en	http://dx.doi.org/10.1007/springer_crossmark_policy	NA	NA	NA	NA	Nathália Alves de Oliveira Saraiva, Iasmim de Oliveira Farias, Brenda Mesquita dos Santos, Rosemere Saldanha Xavier, Agnaldo José Lopes	2023	0	4.2	0.486	B1
Revista Dor	2016-02-23	2016-12-26	2016	10.5935/1806-0013.20160008	2024-06-19	1806-0013	1	2016	3948	NA	10.5935	GN1 Genesis Network	1	Crossref	0	0	3	Evaluation of physiologic pain knowledge by physiotherapy students	journal-article	http://dx.doi.org/10.5935/1806-0013.20160008	17	NA	NA	en	NA	NA	NA	NA	NA	Elen Soares Marques, Thiago Xarles, Thuany Medeiros Antunes, Karla Kristine Dames da Silva, Felipe José Jandre Reis, Laura Alice Santos de Oliveira, Leandro Alberto Calazans Nogueira	2016	0	NA	NA	A3
Archives of Endocrinology and Metabolism	2018-11-14	2018-11-14	NA	10.20945/2359-3997000000075	2024-05-20	2359-3997,2359-4292	5	2018-10	8510	545-551	10.20945	Archives of Endocrinology and Metabolism	1	Crossref	29	29	3	Evaluation of redox profiles in exogenous subclinical hyperthyroidism at two different levels of TSH suppression	journal-article	http://dx.doi.org/10.20945/2359-3997000000075	62	NA	2018-10	en	NA	NA	NA	NA	NA	Bruna Karoline Lima Piazera, Diego Viana Gomes, Patrícia Vigário, Verônica P. Salerno, Mário Vaisman	2018	0	3.1	0.461	B2
Brazilian Journal of Physical Therapy	2024-03-21	2024-03-23	2024-04	10.1016/j.bjpt.2024.100790	2024-03-24	1413-3555	NA	2024-04	78	100790	10.1016	Elsevier BV	1	Crossref	0	0	0	EVALUATION OF VENTILATION DURING EXERCISE TESTS IN PEOPLE WITH POST-COVID-19 SYNDROME	journal-article	http://dx.doi.org/10.1016/j.bjpt.2024.100790	28	Brazilian Journal of Physical Therapy	NA	en	http://dx.doi.org/10.1016/elsevier_cm_policy	NA	NA	NA	NA	Jéssica Gabriela Messias Oliveira, Renan Pereira Campos, Beatriz Luiza Pinheiro Alves Azevedo, Samantha Gomes de Alegria, Thiago Thomaz Mafort, Agnaldo José Lopes	2024	0	6.4	1.008	A2
Respiratory Care	2013-10-09	2023-02-10	2014-05	10.4187/respcare.02587	2024-05-01	0020-1324,1943-3654	5	2013-10-08	2694	678-685	10.4187	Daedalus Enterprises	1	Crossref	0	0	31	Expiratory Rib Cage Compression in Mechanically Ventilated Subjects: A Randomized Crossover Trial	journal-article	http://dx.doi.org/10.4187/respcare.02587	59	Respir Care	2013-10-08	en	NA	NA	NA	NA	NA	Fernando S Guimarães, Agnaldo J Lopes, Sandra S Constantino, Juan C Lima, Paulo Canuto, Sara Lucia Silveira de Menezes	2013	0	4.1	0.761	A3
European Journal of Physiotherapy	2017-06-01	2023-08-23	2017-07-03	10.1080/21679169.2017.1332681	2024-01-17	2167-9169,2167-9177	3	2017-05-31	301	160-166	10.1080	Informa UK Limited	1	Crossref	40	40	2	Feasibility of a task-oriented training and muscle-strengthening programme to weight-bearing symmetry after stroke	journal-article	http://dx.doi.org/10.1080/21679169.2017.1332681	19	European Journal of Physiotherapy	2017-05-31	en	http://dx.doi.org/10.1080/tandf_crossmark_01	NA	NA	NA	NA	Camilla Polonini Martins, Erika de Carvalho Rodrigues, Carla Andressa Pedron, Thiago Lemos, Laura Alice Santos de Oliveira	2017	0	2.0	0.418	B1
Journal of Physical Therapy Science	2014-07-30	2022-04-13	2014	10.1589/jpts.26.1097	2022-04-13	0915-5287,2187-5626	7	2014	533	1097-1105	10.1589	Society of Physical Therapy Science	1	Crossref	70	70	7	Functional Capacity of Oldest Old Living in a Long-stay Institution in Rio De Janeiro, Brazil	journal-article	http://dx.doi.org/10.1589/jpts.26.1097	26	J Phys Ther Sci	NA	en	NA	NA	NA	NA	NA	Fabiano Moura Dias, Susana Ortiz Costa, Jeter Pereira de Freitas, Adriana da Costa Rocha Pinto, Patrícia dos Santos Vigário, Míriam Raquel Meira Mainenti	2014	0	NA	NA	C
European Journal of Physiotherapy	2016-02-12	2023-08-16	2015-10-02	10.3109/21679169.2015.1072244	2023-09-08	2167-9169,2167-9177	4	2015-08-03	301	176-182	10.3109	Informa UK Limited	1	Crossref	40	40	4	Functional capacity, cardiorespiratory fitness and quality of life in spinocerebellar ataxia: Implications for rehabilitation	journal-article	http://dx.doi.org/10.3109/21679169.2015.1072244	17	European Journal of Physiotherapy	2015-08-03	en	http://dx.doi.org/10.1080/tandf_crossmark_01	NA	NA	NA	NA	Laura Alice Santos Oliveira, Erika De Carvalho Rodrigues, Alexandre Gomes Sancho, Míriam Raquel Meira Mainenti, Patrícia Dos Santos Vigário, Agnaldo José Lopes, Thiago Lemos	2015	0	2.0	0.418	B1
Archives of Medical Science	2016-03-22	2016-08-11	2016	10.5114/aoms.2016.57582	2023-09-30	1734-1922	NA	2016	3061	78-88	10.5114	Termedia Sp. z.o.o.	1	Crossref	0	0	3	Functional changes are associated with tracheal structural abnormalities in patients with acromegaly	journal-article	http://dx.doi.org/10.5114/aoms.2016.57582	1	aoms	NA	NA	NA	NA	NA	NA	NA	Gustavo Bittencourt Camilo, Fernando Silva Guimarães, Roberto Mogami, Alvaro Camilo Dias Faria, Pedro Lopes Melo, Agnaldo José Lopes	2016	0	5.3	0.694	A1
Fisioterapia Brasil	2018-12-20	2024-04-02	NA	10.33233/fb.v19i2.2302	2024-04-02	2526-9747,1518-9740	2	2018-05-11	NA	137-143	10.62827	NA	1	Crossref	0	0	0	Functional gait assessment in patients with relapsing-remitting Multiple Sclerosis and relation to the risk of falls	journal-article	http://dx.doi.org/10.33233/fb.v19i2.2302	19	Fisioter Bras	2018-05-11	NA	NA	NA	NA	NA	NA	Bruno Moraes, Marco Orsini, Rossano Fiorelli, Victor Marinho, Silmar Teixeira, Victor Hugo Bastos, André Matta	2018	0	NA	NA	B2
Muscle Ligaments and Tendons Journal	2021-12-02	2021-12-02	NA	10.32098/mltj.04.2021.13	2022-03-30	2240-4554	04	2021-11	9508	704	10.32098	Edra SpA	1	Crossref	0	0	0	Functional Performance of Ankles Between Male and Female Practitioners of Resistance Exercise	journal-article	http://dx.doi.org/10.32098/mltj.04.2021.13	11	Muscle Ligaments and Tendons J	2021-11	NA	NA	NA	NA	NA	NA	M. Braz, A. Souto Maior	2021	0	1.4	0.241	A3
Journal of Physical Therapy Science	2014-05-28	2022-04-05	2014	10.1589/jpts.26.721	2024-05-16	0915-5287,2187-5626	5	2014	533	721-730	10.1589	Society of Physical Therapy Science	1	Crossref	49	49	14	Functionality in Women with Breast Cancer: The Use of International Classification of Functioning, Disability and Health (ICF) in Clinical Practice	journal-article	http://dx.doi.org/10.1589/jpts.26.721	26	J Phys Ther Sci	NA	en	NA	NA	NA	NA	NA	Flávia Nascimento de Carvalho, Anke Bergmann, Rosalina Jorge Koifman	2014	0	NA	NA	C
Revista Dor	2017-06-01	2017-06-01	2017	10.5935/1806-0013.20170023	2023-03-29	1806-0013	2	2017	3948	NA	10.5935	GN1 Genesis Network	1	Crossref	0	0	2	Functionality, psychosocial factors and quality of life in women with predominance
            of central sensitization	journal-article	http://dx.doi.org/10.5935/1806-0013.20170023	18	NA	NA	en	NA	NA	NA	NA	NA	Elen Soares Marques, Ney Armando Meziat Filho, Marcia Elena Rabelo Gouvea, Paula dos Santos Ferreira, Leandro Alberto Calazans Nogueira	2017	0	NA	NA	A3
Kinesiology	2018-05-04	2018-05-04	2017	10.26582/k.49.2.5	2024-03-02	1848-638X,1331-1441	2	2017	11118	208-216	10.26582	Faculty of Kinesiology, University of Zagreb	1	Crossref	0	0	15	Hand grip strength in healthy young and older Brazilian adults:	journal-article	http://dx.doi.org/10.26582/k.49.2.5	49	Kinesiology (Zagreb, Online)	2017	NA	NA	development of a linear prediction model using simple anthropometric variables	NA	NA	NA	Rafael Santos Neves, Agnaldo José Lopes	2017	0	2.0	NA	A4
Research, Society and Development	2021-10-24	2021-10-24	NA	10.33448/rsd-v10i13.21374	2022-04-05	2525-3409	13	2021-10-20	19099	e501101321374	10.33448	Research, Society and Development	1	Crossref	0	0	0	Heart failure compromises muscle power of lower limbs of sedentary elderly people	journal-article	http://dx.doi.org/10.33448/rsd-v10i13.21374	10	RSD	2021-10-20	NA	NA	NA	NA	NA	NA	Roberto Cascon, Amanda Brown, Diogo Cardozo, Marcelo Corso, Leandro de Oliveira Sant'Ana, Mauro Augusto dos Santos, Indrid Dias, Alex Souto Maior, Verônica Salermo, Jeffrey M. Willardson, Roberto Simão	2021	0	NA	NA	C
The Journal of Sports Medicine and Physical Fitness	2021-07-02	2021-07-02	2018-07	10.23736/s0022-4707.17.07539-9	2022-04-05	0022-4707,1827-1928	9	2018-07	17149	NA	10.23736	Edizioni Minerva Medica	1	Crossref	0	0	0	Heart rate response and recovery in wheelchair tetraplegic rugby athletes: a pilot study	journal-article	http://dx.doi.org/10.23736/s0022-4707.17.07539-9	58	J Sports Med Phys Fitness	NA	NA	NA	NA	NA	NA	NA	Michelle C. Coutinho, Patrícia S. Vigário, Agnaldo J. Lopes, Fernando S. Guimarães	2018	0	3.3	0.427	A4
Archives of Endocrinology and Metabolism	2019-01-07	2020-11-21	NA	10.20945/2359-3997000000083	2024-04-08	2359-3997,2359-4292	6	2018	8510	591-596	10.20945	Archives of Endocrinology and Metabolism	1	Crossref	39	39	3	Heart rate response to graded exercise test of elderly subjects in different ranges of TSH levels	journal-article	http://dx.doi.org/10.20945/2359-3997000000083	62	NA	2018	en	NA	NA	NA	NA	NA	Rafael Cavalcante Carvalho, Patrícia dos Santos Vigário, Dhiãnah Santini de Oliveira Chachamovitz, Diego Henrique da Silva Silvestre, Pablo Rodrigo de Oliveira Silva, Mario Vaisman, Patrícia de Fátima dos Santos Teixeira	2018	0	3.1	0.461	B2
Asian Journal of Sports Medicine	2021-08-18	2023-09-25	NA	10.5812/asjsm.108537	2023-09-25	2008-000X,2008-7209	3	2021-08-18	3819	NA	10.5812	Briefland	1	Crossref	38	38	1	Heart Rate Variability in Adults with Sickle Cell Anemia During a Multitasking Field Test	journal-article	http://dx.doi.org/10.5812/asjsm.108537	12	Asian J Sports Med	2021-08-18	NA	http://dx.doi.org/10.5812/crossmark_update_policy	NA	NA	NA	NA	Rafael Alexandre de Oliveira Deucher, Arthur de Sá Ferreira, Leila Paula Alves da Silva Nascimento, Mariana Soares da Cal, Jannis Vasileios Papathanasiou, Agnaldo José Lopes	2021	0	1.0	0.194	B1
Clinical Medicine &amp; Research	2015-05-04	2021-04-01	2015-03-01	10.3121/cmr.2014.1236	2024-06-08	1539-4182,1554-6179	1	2014-11-07	1659	12-19	10.3121	Marshfield Clinic Research Institute	1	Crossref	0	0	20	Impact of Different Etiologies of Bronchiectasis on the Pulmonary Function Tests	journal-article	http://dx.doi.org/10.3121/cmr.2014.1236	13	Clinical Medicine &amp; Research	2014-11-07	en	NA	NA	NA	NA	NA	A. J. Lopes, G. B. Camilo, S. L. S. de Menezes, F. S. Guimaraes	2014	0	1.5	0.334	A1
Revista Brasileira de Ciência e Movimento	2023-03-24	2023-03-24	NA	10.31501/rbcm.v30i2.12782	2023-03-25	0103-1716	2	2023-03-11	16587	NA	10.31501	Universidade Catolica de Brasilia	1	Crossref	0	0	0	INCIDÊNCIA DE LESÕES E/OU DORES MUSCULOESQUELÉTICAS E FATORES ASSOCIADOS EM EQUIPES DE FUTEBOL PROFISSIONAL DO ESTADO DO RIO DE JANEIRO DURANTE O CAMPEONATO BRASILEIRO SÉRIE A DE 2018.	journal-article	http://dx.doi.org/10.31501/rbcm.v30i2.12782	30	R. Bras. Ci. e Mov.	2023-03-11	NA	NA	NA	NA	NA	NA	Alex Souto Maior, Ney Meziat-Filho, Ailton Teixeira Osório	2023	0	NA	NA	B2
Brazilian Journal Of Pain	2021-10-15	2024-04-19	2021	10.5935/2595-0118.20210055	2024-04-19	2595-0118	4	2021	3948	NA	10.5935	GN1 Sistemas e Publicacoes Ltd.	1	Crossref	0	0	0	Influence of the type of locus of health control on the levels of disability and kinesiophobia in chronic low back pain	journal-article	http://dx.doi.org/10.5935/2595-0118.20210055	4	NA	NA	en	NA	NA	NA	NA	NA	Luciana Crepaldi Lunkes, Flavio Henrique Furtado Vieira, Carlos Eduardo Viana Santos, Ângela Sousa Garcia, Renato Carvalho Vilella	2021	0	NA	NA	B1
Revista Neurociências	2014-05-06	2020-02-28	NA	10.4181/rnc.2014.22.896.7p	2022-04-06	0104-3579,1984-4905	01	2014-05-06	19929	95-101	10.34024	Universidade Federal de Sao Paulo	1	Crossref	0	0	2	Informações Somatossensoriais nos Processos da Prática Mental na Fisioterapia Neurofuncional: Estudo de Revisão	journal-article	http://dx.doi.org/10.4181/rnc.2014.22.896.7p	22	RNC	2014-05-06	NA	NA	NA	NA	NA	NA	Lucélia Sant’Anna, Sergio Guida, Julio Silva	2014	0	NA	NA	B2
Brazilian Journal Of Pain	2020-07-30	2024-04-22	2020	10.5935/2595-0118.20200177	2024-04-23	2595-0118	3	2020	3948	NA	10.5935	GN1 Sistemas e Publicacoes Ltd.	1	Crossref	0	0	0	Intensity of pain, disability and psychosocial factors in women with chronic pelvic pain: crosssectional study	journal-article	http://dx.doi.org/10.5935/2595-0118.20200177	3	NA	NA	en	NA	NA	NA	NA	NA	Jennifer Nogueira Rocha, Luiz Eduardo de Castro, Virgínia Martello Riccobene, Michele Souza Menezes Autran, Leandro Alberto Calazans Nogueira, Felipe José Jandre dos Reis	2020	0	NA	NA	B1
Journal of Exercise Rehabilitation	2017-08-30	2019-07-26	NA	10.12965/jer.1734990.495	2022-11-24	2288-176X,2288-1778	4	2017-08-29	5137	418-424	10.12965	Korean Society of Exercise Rehabilitation	1	Crossref	44	44	2	Investigation of alpha band of the electroencephalogram before and after a task of proprioceptive neuromuscular facilitation	journal-article	http://dx.doi.org/10.12965/jer.1734990.495	13	J Exerc Rehabil	2017-08-29	en	http://dx.doi.org/10.12965/crossmark_policy	NA	NA	NA	NA	Luan Correia Costa, Alzira Andrade, Lysnara Lial, Rayele Moreira, Ane Caroline Lima, Astrogildo Magvinier, Ricardo Lira, Anderson Aragão, Pedro Henrique Ulisses, Eric Crespo, Marco Orsini, Silmar Teixeira, Victor Hugo Bastos	2017	0	3.5	0.49	B1
Journal of Physical Medicine and Rehabilitation	2022-09-12	2022-09-12	NA	10.33696/rehabilitation.4.025	2022-09-12	NA	1	2022-09-12	18993	NA	10.33696	Scientific Archives LLC	1	Crossref	0	0	0	Ischemic Preconditioning Contribute to Improving the Static and Dynamic Stability of Male Trained	journal-article	http://dx.doi.org/10.33696/rehabilitation.4.025	4	J Phys Med Rehabil	2022-09-12	NA	NA	NA	NA	NA	NA	 	2022	0	NA	NA	NA
Rehabilitation and chronic care	2023-10-27	2024-03-11	2023-09-09	10.1183/13993003.congress-2023.pa2682	2024-03-12	NA	NA	2023-09-09	81	NA	10.1183	European Respiratory Society	1	Crossref	0	0	0	Late Breaking Abstract - Dynamic hyperinflation and ventilatory reserve in long COVID: a cross-sectional study	proceedings-article	http://dx.doi.org/10.1183/13993003.congress-2023.pa2682	NA	NA	2023-10-27	NA	http://dx.doi.org/10.1183/ers-crossmark-policy	NA	NA	NA	NA	Isabela Aziz, Isabela Serpa, Jessica Oliveira, Renan Campos, Thiago Mafort, Agnaldo Lopes	2023	0	NA	NA	NA
Revista Brasileira de Medicina do Esporte	2015-09-30	2017-05-23	2014-08	10.1590/1517-86922014200402063	2022-03-31	1517-8692	4	2014-08	530	304-308	10.1590	FapUNIFESP (SciELO)	1	Crossref	22	22	0	Lesões em tenistas amadores no Rio de Janeiro	journal-article	http://dx.doi.org/10.1590/1517-86922014200402063	20	Rev Bras Med Esporte	NA	NA	NA	NA	NA	NA	NA	Nelcimar Souza Queiroz, Patrícia dos Santos Vigário, Lilian Ramiro Felicio, Míriam Raquel Meira Mainenti	2014	0	0.8	NA	B1
Journal of Bodywork and Movement Therapies	2019-04-02	2022-09-15	2019-07	10.1016/j.jbmt.2019.03.013	2022-09-16	1360-8592	3	2019-07	78	445	10.1016	Elsevier BV	1	Crossref	4	4	0	Letter to the editor	journal-article	http://dx.doi.org/10.1016/j.jbmt.2019.03.013	23	Journal of Bodywork and Movement Therapies	NA	en	http://dx.doi.org/10.1016/elsevier_cm_policy	NA	NA	NA	NA	Alex Souto Maior	2019	0	2.5	0.48	A2
International Journal of Sports Medicine	2017-05-31	2017-12-19	2017-07	10.1055/s-0043-101913	2022-03-30	0172-4622,1439-3964	07	2017-05-31	194	515-520	10.1055	Georg Thieme Verlag KG	1	Crossref	0	0	0	Locomotion Mode Affects the Physiological Strain during Exercise at Walk-Run Transition Speed inElderly Men	journal-article	http://dx.doi.org/10.1055/s-0043-101913	38	Int J Sports Med	2017-05-31	en	NA	NA	NA	NA	NA	Raul Freire, Paulo Farinatti, Felipe Cunha, Brenno Silva, Walace Monteiro	2017	0	5.4	0.73	A2
Heliyon	2023-12-09	2024-06-18	2024-01	10.1016/j.heliyon.2023.e23431	2024-06-19	2405-8440	1	2024-01	78	e23431	10.1016	Elsevier BV	1	Crossref	34	34	1	Long-term assessment of functional capacity, muscle function, lung function, and quality of life in survivors of ventilator-associated pneumonia	journal-article	http://dx.doi.org/10.1016/j.heliyon.2023.e23431	10	Heliyon	NA	en	http://dx.doi.org/10.1016/elsevier_cm_policy	NA	NA	NA	NA	Larissa Mello Dias, Jenipher Angel da Cruz, Agnaldo José Lopes	2024	0	5.6	0.617	A4
European Journal of Physiotherapy	2019-06-25	2021-05-08	2021-01-02	10.1080/21679169.2019.1628299	2022-04-05	2167-9169,2167-9177	1	2019-06-24	301	19-26	10.1080	Informa UK Limited	1	Crossref	35	35	1	Measurement of patient satisfaction with physical therapy care: revisiting the semantic and dimensional structure equivalence of MedRisk instrument in the Brazilian context	journal-article	http://dx.doi.org/10.1080/21679169.2019.1628299	23	European Journal of Physiotherapy	2019-06-24	en	http://dx.doi.org/10.1080/tandf_crossmark_01	NA	NA	NA	NA	Renato Santos de Almeida, Michael Eduardo Reichenheim, Christopher Peterson, Mônica Martins	2019	0	2.0	0.418	B1
Jornal Brasileiro de Pneumologia	2019-10-17	2020-02-11	NA	10.1590/1806-3713/e20180311	2024-02-27	1806-3756,1806-3713	5	2019	530	NA	10.1590	FapUNIFESP (SciELO)	1	Crossref	29	29	10	Mecânica respiratória de pacientes com obesidade mórbida	journal-article	http://dx.doi.org/10.1590/1806-3713/e20180311	45	J. bras. pneumol.	2019	NA	NA	NA	NA	NA	NA	Mauricio de Sant’Anna Jr, Renata Ferreira Carvalhal, Fernando da Franca Bastos de Oliveira, Walter Araújo Zin, Agnaldo José Lopes, Jocemir Ronaldo Lugon, Fernando Silva Guimarães	2019	0	3.0	0.555	B1
Clinical Practice &amp; Epidemiology in Mental Health	2016-03-15	2019-04-04	2016-03-15	10.2174/1745017901612010009	2023-09-27	1745-0179	1	2016-03-15	965	9-13	10.2174	Bentham Science Publishers Ltd.	1	Crossref	37	37	7	Mental Practice Combined with Motor Rehabilitation to Treat Upper Limb Hemiparesis of Post-Stroke Patients: Clinical and Experimental Evidence	journal-article	http://dx.doi.org/10.2174/1745017901612010009	12	CPEMH	NA	en	http://dx.doi.org/10.2174/crossmark_policy	NA	NA	NA	NA	Sergio Machado, Eduardo Lattari, Flávia Paes, Nuno B.F. Rocha, Antonio E. Nardi, Oscar Arias-Carrión, Gioia Mura, Ti-Fei Yuan, Mauro G. Carta, Carlos Campos	2016	0	5.1	0.765	A4
International Journal of Therapy and Rehabilitation	2019-05-16	2022-05-24	2019-04-02	10.12968/ijtr.2017.0170	2023-10-03	1759-779X	4	2019-04-02	5130	1-12	10.12968	Mark Allen Group	1	Crossref	37	37	3	Motor recovery after bilateral brachial plexus injury using motor irradiation: a case report	journal-article	http://dx.doi.org/10.12968/ijtr.2017.0170	26	International Journal of Therapy and Rehabilitation	NA	en	NA	NA	NA	NA	NA	Laura Alice Santos de Oliveira, Carla Andressa Pedron, Fernanda Guimarães de Andrade, Carlos Henrique Ramos Horsczaruk, José Vicente Pereira Martins	2019	0	0.6	0.197	B1
Gait &amp; Posture	2017-10-12	2018-08-27	2017-09	10.1016/j.gaitpost.2017.07.062	2022-04-05	0966-6362	NA	2017-09	78	12	10.1016	Elsevier BV	1	Crossref	3	3	0	Motor unit plasticity in stroke survivors: Altered distribution of gastrocnemius’ action potentials	journal-article	http://dx.doi.org/10.1016/j.gaitpost.2017.07.062	57	Gait &amp; Posture	NA	en	http://dx.doi.org/10.1016/elsevier_cm_policy	NA	NA	NA	NA	T. Vieira, T. Lemos, L.A.S. Oliveira, C.H.R. Horsczaruk, F. Tovar-Moll, E.C. Rodrigues	2017	0	4.8	0.724	A2
2017 International Conference on Rehabilitation Robotics (ICORR)	2017-08-14	2019-10-02	2017-07	10.1109/icorr.2017.8009230	2022-04-05	NA	NA	2017-07	263	NA	10.1109	IEEE	1	Crossref	30	30	0	Movement therapy without moving — First results on isometric movement training for post-stroke rehabilitation of arm function	proceedings-article	http://dx.doi.org/10.1109/icorr.2017.8009230	NA	NA	NA	NA	NA	NA	NA	NA	NA	A. Melendez-Calderon, E. Rodrigues, K. Thielbar, J.L. Patton	2017	0	NA	NA	NA
Acta Ortopédica Brasileira	2014-03-31	2019-08-09	2014	10.1590/s1413-78522014000100010	2023-09-16	1413-7852	1	2014	530	54-58	10.1590	FapUNIFESP (SciELO)	1	Crossref	23	23	10	Muscle performance, body fat, pain and function in the elderly with arthritis	journal-article	http://dx.doi.org/10.1590/s1413-78522014000100010	22	Acta ortop. bras.	NA	NA	NA	NA	NA	NA	NA	Wagner Teixeira dos Santos, Erika de Carvalho Rodrigues, Míriam Raquel Meira Mainenti	2014	0	1.0	0.247	B1
Revista Neurociências	2013-04-16	2020-02-28	NA	10.4181/rnc.2013.21.810.7p	2022-04-01	0104-3579,1984-4905	NA	2013-04-16	19929	148-154	10.34024	Universidade Federal de Sao Paulo	1	Crossref	0	0	0	Neurociências no Brasil: Vocação do Pesquisador ou Sobrevivência Acadêmica?	journal-article	http://dx.doi.org/10.4181/rnc.2013.21.810.7p	21	RNC	2013-04-16	NA	NA	NA	NA	NA	NA	Marco Orsini, Carlos Reis, Marco Leite, Júlio Silva, Osvaldo Nascimento, Clynton Corrêa, Luciane Carvalho, Marcos Freitas, Jano Souza, Acary Oliveira, Giseli Quintanilha, Sara Menezes, João Pereira	2013	0	NA	NA	B2
Sport Sciences for Health	2021-05-03	2021-11-25	2021-12	10.1007/s11332-021-00769-0	2022-03-31	1824-7490,1825-1234	4	2021-05-03	297	1017-1024	10.1007	Springer Science and Business Media LLC	1	Crossref	35	35	0	Neuromuscular and functional responses in professional soccer players during pre-season: implications for injury prevention	journal-article	http://dx.doi.org/10.1007/s11332-021-00769-0	17	Sport Sci Health	2021-05-03	en	http://dx.doi.org/10.1007/springer_crossmark_policy	NA	NA	NA	NA	Alex Souto Maior, Rafael Teixeira Lopes	2021	0	2.3	0.401	B1
Fisioterapia e Pesquisa	2014-07-30	2017-05-27	2014-04	10.1590/1809-2950/00121022014	2022-03-29	1809-2950	2	2014-04	530	101-102	10.1590	FapUNIFESP (SciELO)	1	Crossref	1	1	2	Neuromuscular diseases: revisiting the "overtraining"	journal-article	http://dx.doi.org/10.1590/1809-2950/00121022014	21	Fisioter. Pesqui.	NA	NA	NA	NA	NA	NA	NA	Marco Orsini, Renata Hydee Hasue, Marco Antônio Araújo Leite, Sara Lúcia Silveira de Menezes, Júlio Guilherme Silva, Acary Bulle Oliveira	2014	0	NA	NA	B1
Fisioterapia em Movimento	2021-12-15	2021-12-15	NA	10.1590/fm.2021.34123	2022-04-05	1980-5918	NA	2021	530	NA	10.1590	FapUNIFESP (SciELO)	1	Crossref	30	30	0	Non-ataxia signs in Brazilian individuals with spinocerebellar ataxia type 3	journal-article	http://dx.doi.org/10.1590/fm.2021.34123	34	Fisioter. mov.	2021	NA	NA	NA	NA	NA	NA	Camilla Polonini Martins, Mariana da Silva Salvino Klem Galvez, Yuri Rodrigues Luz de Araujo, Leda Maria Neumann Keim, Fernanda Baseggio Lopes Figueiredo, Laura Alice Santos de Oliveira	2021	0	0.3	0.123	B1
Journal of Physical Therapy Science	2013-12-10	2022-03-19	2013	10.1589/jpts.25.1497	2024-05-27	0915-5287,2187-5626	11	2013	533	1497-1501	10.1589	Society of Physical Therapy Science	1	Crossref	35	35	17	On the Functional Capacity and Quality of Life of Patients with Acromegaly: Are They Candidates for Rehabilitation Programs?	journal-article	http://dx.doi.org/10.1589/jpts.25.1497	25	J Phys Ther Sci	NA	en	NA	NA	NA	NA	NA	Débora Pedroza Guedes da Silva, Fernando Silva Guimarães, Cristina Márcia Dias, Simone de Araujo Guimarães, Leandro Kasuki, Mônica Roberto Gadelha, Gustavo Bittencourt Camilo, Agnaldo José Lopes	2013	0	NA	NA	C
The Journal of Sports Medicine and Physical Fitness	2019-01-21	2023-09-13	2019-01	10.23736/s0022-4707.18.08030-1	2023-09-14	0022-4707,1827-1928	2	2019-01	17149	NA	10.23736	Edizioni Minerva Medica	1	Crossref	38	38	1	Oxidative stress biomarkers after a single maximal test in blind and non-blind soccer players	journal-article	http://dx.doi.org/10.23736/s0022-4707.18.08030-1	59	J Sports Med Phys Fitness	NA	NA	NA	NA	NA	NA	NA	Diego Viana Gomes, Patricia Santos Vigário, Bruna K. Lima Piazera, Filipe Pereira Costa, Mario Vaisman, Veronica Salerno Pinto	2019	0	3.3	0.427	A4
Brazilian Journal of Medical and Biological Research	2016-07-27	2020-02-07	NA	10.1590/1414-431x20165200	2023-12-21	1414-431X,0100-879X	8	2016	530	NA	10.1590	FapUNIFESP (SciELO)	1	Crossref	40	40	4	Oxygen uptake, respiratory exchange ratio, or total distance: a comparison of methods to equalize exercise volume in Wistar rats	journal-article	http://dx.doi.org/10.1590/1414-431x20165200	49	Braz J Med Biol Res	2016	NA	NA	NA	NA	NA	NA	L.S. Paes, J.P. Borges, F.A. Cunha, M.G.C. Souza, F.Z.G.A. Cyrino, D.A. Bottino, E. Bouskela, P. Farinatti	2016	0	4.5	0.492	A3
Revista Dor	2014-08-29	2016-12-26	2014	10.5935/1806-0013.20140044	2023-09-09	1806-0013	3	2014	3948	NA	10.5935	GN1 Genesis Network	1	Crossref	0	0	2	Pain intensity and functional limitation are not related with medical image findings in patients with shoulder pain	journal-article	http://dx.doi.org/10.5935/1806-0013.20140044	15	NA	NA	en	NA	NA	NA	NA	NA	Francine Aparecida Coelho de Oliveira, Renato Santos de Almeida, Wagner Teixeira dos Santos, Leandro Alberto Calazans Nogueira	2014	0	NA	NA	A3
Brazilian Journal Of Pain	2023-07-10	2024-04-22	2023	10.5935/2595-0118.20230032-en	2024-04-22	2595-0118	2	2023	3948	NA	10.5935	GN1 Sistemas e Publicacoes Ltd.	1	Crossref	0	0	0	Pain interference, neuropathic-like symptoms, pain intensity, and symptoms of central sensitization negatively impact individual’s disability after Chikungunya fever: cross-sectional study	journal-article	http://dx.doi.org/10.5935/2595-0118.20230032-en	6	BRJP	2023	NA	NA	NA	NA	NA	NA	Paula Renata Conceição de Oliveira Dias, Juliana Valentim Bittencourt, Jéssica Pinto Martins do Rio, Felipe José Jandre dos Reis, Laura Alice Santos de Oliveira, Leandro Alberto Calazans Nogueira	2023	0	NA	NA	B1
Journal of Physical Therapy Science	2014-04-22	2021-04-27	2014	10.1589/jpts.26.567	2023-10-30	0915-5287,2187-5626	4	2014	533	567-573	10.1589	Society of Physical Therapy Science	1	Crossref	28	28	10	Pain, Work-related Characteristics, and Psychosocial Factors among Computer          Workers at a University Center	journal-article	http://dx.doi.org/10.1589/jpts.26.567	26	J Phys Ther Sci	NA	en	NA	NA	NA	NA	NA	Míriam Raquel Meira Mainenti, Lilian Ramiro Felicio, Érika de Carvalho Rodrigues, Dalila Terrinha Ribeiro da Silva, Patrícia Vigário dos Santos	2014	0	NA	NA	C
Isokinetics and Exercise Science	2016-07-05	2019-12-02	2016-11-28	10.3233/ies-160635	2023-08-14	0959-3020,1878-5913	4	2016-11-28	7437	331-340	10.3233	IOS Press	1	Crossref	43	43	12	Parameters of knee isokinetic dynamometry in individuals with acromegaly: Association with growth hormone levels and general fatigue	journal-article	http://dx.doi.org/10.3233/ies-160635	24	IES	NA	NA	NA	NA	NA	NA	NA	Evelyn M. Walchan, Fernando S. Guimarães, Mauricio S. Soares, Leandro Kasuki, Monica R. Gadelha, Agnaldo J. Lopes	2016	0	1.2	0.266	B1
Manual Therapy	2016-07-13	2018-09-10	2016-09	10.1016/j.math.2016.05.314	2022-03-31	1356-689X	NA	2016-09	78	e159	10.1016	Elsevier BV	1	Crossref	0	0	0	Patient's beliefs about the influence of activity attenuates the improvement in pain and disability after a conservative treatment in chronic low back pain patients	journal-article	http://dx.doi.org/10.1016/j.math.2016.05.314	25	Manual Therapy	NA	en	NA	NA	NA	NA	NA	R. Cabral, F. Belache, M. Santos, A.C. Magalhães, N. Meziat, L.C. Nogueira	2016	0	NA	NA	A2
European Journal of Physiotherapy	2019-10-16	2021-07-16	2021-07-04	10.1080/21679169.2019.1676307	2024-06-15	2167-9169,2167-9177	4	2019-10-16	301	203-208	10.1080	Informa UK Limited	1	Crossref	39	39	4	Patients with chronic musculoskeletal pain present low level of the knowledge about the neurophysiology of pain	journal-article	http://dx.doi.org/10.1080/21679169.2019.1676307	23	European Journal of Physiotherapy	2019-10-16	en	http://dx.doi.org/10.1080/tandf_crossmark_01	NA	NA	NA	NA	Paula S. Ferreira, Leticia A. Corrêa, Juliana V. Bittencourt, Felipe J. J. Reis, Ney Meziat-Filho, Leandro A. C. Nogueira	2019	0	2.0	0.418	B1
BRAZILIAN JOURNAL OF PAIN	2022-06-03	2024-04-22	2022	10.5935/2595-0118.20220031-en	2024-04-22	2595-0118	2	2022	3948	NA	10.5935	GN1 Sistemas e Publicacoes Ltd.	1	Crossref	0	0	0	Patients with fibromyalgia present different pain phenotypes compared to patients with generalized pain	journal-article	http://dx.doi.org/10.5935/2595-0118.20220031-en	5	BrJP	2022	NA	NA	NA	NA	NA	NA	Juliana Valentim Bittencourt, Leticia Amaral Corrêa, Márcia Cliton Bezerra, Felipe José Jandre dos Reis, Katie de Luca, Leandro Alberto Calazans Nogueira	2022	0	NA	NA	B1
January 2018,Pain Physician	2019-10-30	2020-01-15	2018-07-15	10.36076/ppj.2018.4.e409	2022-04-06	2150-1149,1533-3159	21;1	2018-07-15	21814	E409-E418	10.36076	American Society of Interventional Pain Physicians	1	Crossref	0	0	1	Patients with Impaired Descending Nociceptive
Inhibitory System Present Altered Cardiac
Vagal Control at Rest	journal-article	http://dx.doi.org/10.36076/ppj.2018.4.e409	1	Pain Phys	2018-07-15	en	NA	NA	Internet Archive	Internet Archive	NA	Leandro Nogueira	2018	0	5.5	0.899	A2
Brazilian Journal Of Pain	2021-03-02	2024-04-19	2021	10.5935/2595-0118.20210016	2024-04-19	2595-0118	NA	2021	3948	NA	10.5935	GN1 Sistemas e Publicacoes Ltd.	1	Crossref	0	0	0	Perceived injustice and pain intensity in patients with chronic musculoskeletal pain: crosssectional study	journal-article	http://dx.doi.org/10.5935/2595-0118.20210016	NA	NA	NA	en	NA	NA	NA	NA	NA	Mayara Paiva Souza, Pamela Martin Bandeira, Marcella De Souza Marins, Daiane Lopes dos Santos, Leandro Alberto Calazans Nogueira, Ney Armando Meziat-Filho, Felipe José Jandre dos Reis	2021	0	NA	NA	B1
Revista Dor	2017-11-14	2017-11-14	2017	10.5935/1806-0013.20170131	2022-04-02	1806-0013	4	2017	3948	NA	10.5935	GN1 Genesis Network	1	Crossref	0	0	0	Physiotherapeutic intervention in pain and quality of life of women with rheumatoid arthritis. Case reports	journal-article	http://dx.doi.org/10.5935/1806-0013.20170131	18	NA	NA	en	NA	NA	NA	NA	NA	Caroline de Macedo Schnornberger, Matheus Santos Gomes Jorge, Lia Mara Wibelinger	2017	0	NA	NA	A3
Applied Physiology, Nutrition, and Metabolism	2015-02-10	2020-01-06	2015-06	10.1139/apnm-2014-0354	2024-04-04	1715-5312,1715-5320	6	2015-06	155	605-614	10.1139	Canadian Science Publishing	1	Crossref	44	44	18	Postexercise hypotension after maximal short-term incremental exercise depends on exercise modality	journal-article	http://dx.doi.org/10.1139/apnm-2014-0354	40	Appl. Physiol. Nutr. Metab.	NA	en	NA	NA	NA	NA	NA	Felipe A. Cunha, Adrian W. Midgley, Pedro P. Soares, Paulo T.V. Farinatti	2015	0	5.4	1.01	A3
International Archives of Medicine	2015-04-06	2015-04-16	NA	10.3823/1642	2024-02-05	1755-7682	NA	2015	2155	NA	10.3823	International Medical Publisher (Fundacion de Neurociencias)	1	Crossref	0	0	2	Postural control modulation during motor imagery tasks: a systematic review	journal-article	http://dx.doi.org/10.3823/1642	NA	Int Arch Med	2015	NA	NA	NA	NA	NA	NA	 	2015	0	NA	NA	C
Gait &amp; Posture	2014-03-23	2019-08-08	2014-05	10.1016/j.gaitpost.2014.03.014	2024-02-28	0966-6362	1	2014-05	78	154-159	10.1016	Elsevier BV	1	Crossref	30	30	16	Posture and balance control in patients with acromegaly: Results of a cross-sectional study	journal-article	http://dx.doi.org/10.1016/j.gaitpost.2014.03.014	40	Gait &amp; Posture	NA	en	http://dx.doi.org/10.1016/elsevier_cm_policy	NA	NA	NA	NA	Agnaldo José Lopes, Débora Pedroza Guedes da Silva, Leandro Kasuki, Mônica Roberto Gadelha, Gustavo Bittencourt Camilo, Fernando Silva Guimarães	2014	0	4.8	0.724	A2
Apunts Sports Medicine	2023-07-22	2024-06-09	2023-10	10.1016/j.apunsm.2023.100421	2024-06-09	2666-5069	220	2023-10	78	100421	10.1016	Elsevier BV	1	Crossref	22	22	0	Power and anaerobic capacity in female soccer: A comparison between different age-categories	journal-article	http://dx.doi.org/10.1016/j.apunsm.2023.100421	58	Apunts Sports Medicine	NA	en	http://dx.doi.org/10.1016/elsevier_cm_policy	NA	NA	NA	NA	Francine De Oliveira, Victor Gonçalves Corrêa Neto, Rafael José Silva Barbosa, Igor Ramathur Telles de Jesus, Jefferson da Silva Novaes, Estêvão Rios Monteiro	2023	0	1.9	0.349	NA
Journal of Manual &amp; Manipulative Therapy	2019-02-26	2022-09-12	2019-08-08	10.1080/10669817.2019.1580420	2024-01-05	1066-9817,2042-6186	4	2019-02-26	301	208-214	10.1080	Informa UK Limited	1	Crossref	35	35	3	Pragmatic neural tissue management improves short-term pain and disability in patients with sciatica: a single-arm clinical trial	journal-article	http://dx.doi.org/10.1080/10669817.2019.1580420	27	Journal of Manual &amp; Manipulative Therapy	2019-02-26	en	http://dx.doi.org/10.1080/tandf_crossmark_01	NA	NA	NA	NA	Renato Santos de Almeida, Eduardo Machado, Tiê Parma Yamato, Luciano Santos De Melo, Leandro Alberto Calazans Nogueira	2019	0	2.6	0.376	B1
Neural Plasticity	2021-02-20	2021-02-20	2021-02-20	10.1155/2021/6649135	2024-01-27	1687-5443,2090-5904	NA	2021-02-20	98	1-10	10.1155	Hindawi Limited	1	Crossref	62	62	6	Predicting Upcoming Events Occurring in the Space Surrounding the Hand	journal-article	http://dx.doi.org/10.1155/2021/6649135	2021	Neural Plasticity	NA	en	NA	NA	NA	NA	NA	Maria L. Rangel, Lidiane Souza, Erika C. Rodrigues, José M. Oliveira, Michelle F. Miranda, Antonio Galves, Claudia D. Vargas	2021	0	5.7	0.852	A3
European Journal of Physical and Rehabilitation Medicine	2020-01-20	2021-02-23	2020-01	10.23736/s1973-9087.19.05687-9	2024-01-06	1973-9087,1973-9095	6	2020-01	17149	NA	10.23736	Edizioni Minerva Medica	1	Crossref	45	45	9	Predictive models for the six-minute walk test considering the walking course and physical activity level	journal-article	http://dx.doi.org/10.23736/s1973-9087.19.05687-9	55	Eur J Phys Rehabil Med	NA	NA	NA	NA	NA	NA	NA	Vívian P. Almeida, Arthur S. Ferreira, Fernando S. Guimarães, Jannis Papathanasiou, Agnaldo J. Lopes	2020	0	7.3	0.955	A2
Medical Problems of Performing Artists	2017-03-07	2021-07-29	2017-03-01	10.21091/mppa.2017.1006	2024-05-26	0885-1158	1	2017-03-01	8662	27-32	10.21091	Science and Medicine, Inc.	1	Crossref	0	0	20	Prevalence and Associated Factors of Playing-Related Musculoskeletal Disorders in Brazilian Violin Players	journal-article	http://dx.doi.org/10.21091/mppa.2017.1006	32	Medical Problems of Performing Artists	NA	en	NA	NA	NA	NA	NA	Frederico B Kochem, Julio G Silva	2017	0	1.4	0.317	A2
Journal of Manipulative and Physiological Therapeutics	2018-08-01	2023-10-30	2018-07	10.1016/j.jmpt.2018.05.001	2024-06-14	0161-4754	6	2018-07	78	540-549	10.1016	Elsevier BV	1	Crossref	54	54	22	Prevalence of Playing-related Musculoskeletal Disorders in String Players: A Systematic Review	journal-article	http://dx.doi.org/10.1016/j.jmpt.2018.05.001	41	Journal of Manipulative and Physiological Therapeutics	NA	en	http://dx.doi.org/10.1016/elsevier_cm_policy	NA	NA	NA	NA	Frederico Barreto Kochem, Julio Guilherme Silva	2018	0	2.5	0.419	A2
Motriz: Revista de Educação Física	2017-06-23	2019-09-26	2017	10.1590/s1980-6574201700020013	2024-05-02	1980-6574	2	2017	530	NA	10.1590	FapUNIFESP (SciELO)	1	Crossref	30	30	5	Profile of infrared thermography in elite soccer players	journal-article	http://dx.doi.org/10.1590/s1980-6574201700020013	23	Motriz: rev. educ. fis.	NA	NA	NA	NA	NA	NA	NA	Alex Souto Maior, Gustavo Leporace, Marcio Tannure, Moacir Marocolo	2017	0	NA	0.199	B1
Isokinetics and Exercise Science	2018-10-30	2019-12-02	2013-08-06	10.3233/ies-130508	2023-09-01	1878-5913,0959-3020	3	2013-08-06	7437	219-226	10.3233	IOS Press	1	Crossref	0	0	1	Pulmonary disease severity and peripheral muscle function as limiting factors for exercise capacity in adult patients with cystic fibrosis	journal-article	http://dx.doi.org/10.3233/ies-130508	21	IES	NA	NA	NA	NA	NA	NA	NA	Vanessa J.R. Moço, Agnaldo J. Lopes, Patrícia S. Vigário, Vivian P. Almeida, Renato F. Dias, Sara L.S. Menezes, Fernando S. Guimarães	2013	0	1.2	0.266	B1
ASSOBRAFIR Ciência	2020-09-10	2020-09-10	NA	10.47066/2177-9333.ac20.covid19.005	2024-02-05	2177-9333	Supl1	2020-09-03	26629	47	10.47066	Associacao Brasileira de Fisioterapia Cardiorrespiratoria e Fisioterapia em Terapia Intensiva	1	Crossref	0	0	4	Recomendações sobre o uso de equipamentos de proteção individual (EPIs) no ambiente hospitalar e prevenção de transmissão cruzada na COVID-19	journal-article	http://dx.doi.org/10.47066/2177-9333.ac20.covid19.005	11	Assofrafir Cien.	2020-09-03	NA	NA	NA	NA	NA	NA	Darlan Laurício Matte, Lucas Cacau, Luis Felipe Da Fonseca Reis, Mariela Cometki Assis	2020	0	NA	NA	B3
ConScientiae Saúde	2020-07-20	2024-05-09	NA	10.5585/conssaude.v18n4.14963	2024-05-10	1983-9324,1677-1028	4	2020-07-20	3664	429-443	10.5585	University Nove de Julho	1	Crossref	0	0	1	Recuperação cardiopulmonar em atletas de Rugby em Cadeira de Rodas: efeito de nível competitivo e classificação funcional	journal-article	http://dx.doi.org/10.5585/conssaude.v18n4.14963	18	Cons. Saúde	2020-07-20	NA	NA	NA	NA	NA	NA	Alexssander De Souza Mello, Patrícia Dos Santos Vigário, Jeter Pereira de Freitas, Thiago Lemos, Míriam Raquel Meira Mainenti	2020	0	NA	NA	B2
ConScientiae Saúde	2020-07-16	2024-05-09	NA	10.5585/conssaude.v18n3.11179	2024-05-10	1983-9324,1677-1028	3	2020-04-14	3664	301-311	10.5585	University Nove de Julho	1	Crossref	0	0	0	Relação entre intensidade da corrida, percepção de esforço e estados de humor em corredores recreacionais	journal-article	http://dx.doi.org/10.5585/conssaude.v18n3.11179	18	Cons. Saúde	2020-04-14	NA	NA	NA	NA	NA	NA	João Henrique Gomes, Renata Rebello Mendes, Roberta Luksevicius Rica, Rafael M. Pitta, Rafael Ambrósio Battazza, Gerson Leite, Alex Souto Maior, Danilo Sales Bocalini	2020	0	NA	NA	B2
Fisioterapia em Movimento	2023-04-05	2023-04-05	NA	10.1590/fm.2023.36108	2023-04-06	1980-5918	NA	2023	530	NA	10.1590	FapUNIFESP (SciELO)	1	Crossref	18	18	0	Relationship between abdominal and neck fat with sleep disorders in obese patients	journal-article	http://dx.doi.org/10.1590/fm.2023.36108	36	Fisioter. mov.	2023	NA	NA	NA	NA	NA	NA	Elena Marie Peixoto Ruthes, Oslei Matos, Brenda Carolina de Castro Lenardt, Carlos Alberto Petroski, Antonio Beira de Andrade Junior, Karin dal Vesco	2023	0	0.3	0.123	B1
Brazilian Journal of Physical Therapy	2013-10-28	2016-12-15	NA	10.1590/s1413-35552012005000111	2023-12-27	1413-3555	5	2013-10	530	450-457	10.1590	FapUNIFESP (SciELO)	1	Crossref	0	0	8	Relationship between body balance, lung function, nutritional status and functional capacity in adults with cystic fibrosis	journal-article	http://dx.doi.org/10.1590/s1413-35552012005000111	17	Braz. J. Phys. Ther.	2013-10	en	NA	NA	NA	NA	NA	Jennifer T. S. Penafortes, Fernando S. Guimaraes, Vanessa J. Ribeiro Moco, Vivian P. Almeida, Sara L. S. Menezes, Agnaldo J. Lopes	2013	0	6.4	1.008	A2
Journal of Bodywork and Movement Therapies	2014-01-08	2022-03-22	2015-01	10.1016/j.jbmt.2014.01.002	2023-09-01	1360-8592	1	2015-01	78	17-24	10.1016	Elsevier BV	1	Crossref	55	55	13	Relationship between functional capacity, joint mobility and pulmonary function in patients with systemic sclerosis	journal-article	http://dx.doi.org/10.1016/j.jbmt.2014.01.002	19	Journal of Bodywork and Movement Therapies	NA	en	http://dx.doi.org/10.1016/elsevier_cm_policy	NA	NA	NA	NA	Tatiana Rafaela Lemos Lima, Fernando Silva Guimarães, Leilson Araujo Silva, Débora Pedroza Guedes Silva, Sara Lucia Silveira Menezes, Agnaldo José Lopes	2015	0	2.5	0.48	A2
Revista Brasileira de Hematologia e Hemoterapia	2015-12-17	2018-09-16	2016-01	10.1016/j.bjhh.2015.11.001	2022-07-28	1516-8484	1	2016-01	78	21-27	10.1016	Elsevier BV	1	Crossref	30	30	7	Relationship between pulmonary and cardiac abnormalities in sickle cell disease: implications for the management of patients	journal-article	http://dx.doi.org/10.1016/j.bjhh.2015.11.001	38	Revista Brasileira de Hematologia e Hemoterapia	NA	en	http://dx.doi.org/10.1016/elsevier_cm_policy	NA	NA	NA	NA	Maria Christina Paixão Maioli, Andrea Ribeiro Soares, Ricardo Bedirian, Ursula David Alves, Cirlene de Lima Marinho, Agnaldo José Lopes	2016	0	NA	NA	B3
Clinical Biomechanics	2023-10-29	2023-11-15	2023-12	10.1016/j.clinbiomech.2023.106134	2023-11-16	0268-0033	NA	2023-12	78	106134	10.1016	Elsevier BV	1	Crossref	15	15	0	Reply to letter to the editor: “Why 43.5% of Brazilian women with systemic sclerosis have an abnormal 6-min walk distance? The implication of parity”	journal-article	http://dx.doi.org/10.1016/j.clinbiomech.2023.106134	110	Clinical Biomechanics	NA	en	http://dx.doi.org/10.1016/elsevier_cm_policy	NA	NA	NA	NA	Nathália Alves de Oliveira Saraiva, Iasmim de Oliveira Farias, Brenda Mesquita dos Santos, Rosemere Saldanha Xavier, Agnaldo José Lopes	2023	0	3.7	0.52	A3
Journal of Back and Musculoskeletal Rehabilitation	2019-10-01	2020-07-21	2020-07-20	10.3233/bmr-181452	2024-06-14	1878-6324,1053-8127	4	2020-07-20	7437	655-667	10.3233	IOS Press	1	Crossref	73	73	15	Respiratory muscle training in non-athletes and athletes with spinal cord injury: A systematic review of the effects on pulmonary function, respiratory muscle strength and endurance, and cardiorespiratory fitness based on the FITT principle of exercise prescription	journal-article	http://dx.doi.org/10.3233/bmr-181452	33	BMR	NA	NA	NA	NA	NA	NA	NA	Júlia Ribeiro Lemos, Felipe Amorim da Cunha, Agnaldo José Lopes, Fernando Silva Guimarães, Fabrício Vieira do Amaral Vasconcellos, Patrícia dos Santos Vigário	2020	0	2.4	0.459	A4
PLOS ONE	2017-12-08	2023-08-29	NA	10.1371/journal.pone.0187833	2023-12-07	1932-6203	12	2017-12-08	340	e0187833	10.1371	Public Library of Science (PLoS)	1	Crossref	88	88	9	Respiratory resistance and reactance in adults with sickle cell anemia: Correlation with functional exercise capacity and diagnostic use	journal-article	http://dx.doi.org/10.1371/journal.pone.0187833	12	PLoS ONE	2017-12-08	en	http://dx.doi.org/10.1371/journal.pone.corrections_policy	NA	NA	NA	NA	Cirlene de Lima Marinho, Maria Christina Paixão Maioli, Jorge Luis Machado do Amaral, Agnaldo José Lopes, Pedro Lopes de Melo	2017	0	6.0	0.839	A1
Neurology International	2014-11-14	2020-10-27	NA	10.4081/ni.2014.5442	2023-09-22	2035-8377,2035-8385	4	2014-11-14	1968	NA	10.3390	MDPI AG	1	Crossref	0	0	1	Resting metabolic rate analysis in chronic hemiparesis patients	journal-article	http://dx.doi.org/10.4081/ni.2014.5442	6	Neurol Int	2014-11-14	NA	NA	NA	NA	NA	NA	Mauricio De Sant’Anna Jr, Leonardo Coelho Eboli, Julio Guilherme Silva, Alan Gomes Dos Santos, Michele Lourenco, Adalgiza Mafra Moreno, Gabriel Rodriguez De Freitas, Marco Orsini	2014	0	2.2	0.731	B2
PLOS ONE	2019-07-10	2020-05-09	NA	10.1371/journal.pone.0219556	2022-03-30	1932-6203	7	2019-07-10	340	e0219556	10.1371	Public Library of Science (PLoS)	1	Crossref	32	32	1	Return to self-reported physical activity level after an event of acute low back pain	journal-article	http://dx.doi.org/10.1371/journal.pone.0219556	14	PLoS ONE	2019-07-10	en	http://dx.doi.org/10.1371/journal.pone.corrections_policy	NA	NA	NA	NA	Daniel Pozzobon, Leandro A. Calazans Nogueira, Paulo H. Ferreira, Daniel Steffens, Paula R. Beckenkamp, Fiona M. Blyth, Manuela L. Ferreira	2019	0	6.0	0.839	A1
Brazilian Journal of Physical Therapy	2024-03-21	2024-03-23	2024-04	10.1016/j.bjpt.2024.100930	2024-03-24	1413-3555	NA	2024-04	78	100930	10.1016	Elsevier BV	1	Crossref	0	0	0	RHEUMATOID ARTHRITIS: ASSESSMENT OF CARDIOPULMONARY FITNESS USING NEW SAMPLING TECHNOLOGY	journal-article	http://dx.doi.org/10.1016/j.bjpt.2024.100930	28	Brazilian Journal of Physical Therapy	NA	en	http://dx.doi.org/10.1016/elsevier_cm_policy	NA	NA	NA	NA	Mônica Rodrigues da Cruz, Brenda Mesquita dos Santos, Rafael Alexandre de Oliveira Deucher, Beatriz Luiza Pinheiro Alves Azevedo, Jéssica Gabriela Messias Oliveira, Agnaldo José Lopes	2024	0	6.4	1.008	A2
Journal of Science and Medicine in Sport	2022-11-16	2022-11-16	2022-11	10.1016/j.jsams.2022.09.048	2022-11-17	1440-2440	NA	2022-11	78	S49-S50	10.1016	Elsevier BV	1	Crossref	0	0	0	Runners with noisy knees after surgery: Is it related to symptoms?	journal-article	http://dx.doi.org/10.1016/j.jsams.2022.09.048	25	Journal of Science and Medicine in Sport	NA	en	http://dx.doi.org/10.1016/elsevier_cm_policy	NA	NA	NA	NA	D. De Oliveira Silva, A. Culvenor, R. Johnston, B. Mentiplay, M. Girdwood, M. Hedger, T. West, M. Haberfield, B. Patterson, G. Telles, K. Crossley	2022	0	7.8	1.222	A1
Motriz: Revista de Educação Física	2021-12-17	2021-12-17	NA	10.1590/s1980-657420220018921	2024-03-21	1980-6574	spe1	2022	530	NA	10.1590	FapUNIFESP (SciELO)	1	Crossref	25	25	1	Running velocity at maximum oxygen uptake and at maximum effort: important variables for female military pentathlon	journal-article	http://dx.doi.org/10.1590/s1980-657420220018921	28	Motriz: rev. educ. fis.	2022	NA	NA	NA	NA	NA	NA	Míriam Raquel Meira Mainenti, Patrícia dos Santos Vigário, Hugo Brito Batista, Luiz Fernando Valverde Bastos, Danielli Braga de Mello	2022	0	NA	0.199	B1
Revista Neurociências	2014-02-05	2020-02-28	NA	10.4181/rnc.2013.21.895.16p	2022-04-05	0104-3579,1984-4905	04	2014-02-05	19929	604-619	10.34024	Universidade Federal de Sao Paulo	1	Crossref	0	0	2	Simulação Mental de Movimentos: Da Teoria à Aplicação na Reabilitação Motora	journal-article	http://dx.doi.org/10.4181/rnc.2013.21.895.16p	21	RNC	2014-02-05	NA	NA	NA	NA	NA	NA	Aline Bastos, Gabriela Souza, Talita Pinto, Maitê Souza, Thiago Lemos, Luís Imbiriba	2014	0	NA	NA	B2
Brazilian Journal of Medical and Biological Research	2017-03-03	2020-02-07	NA	10.1590/1414-431x20175700	2024-06-04	1414-431X,0100-879X	3	2017	530	NA	10.1590	FapUNIFESP (SciELO)	1	Crossref	39	39	13	Spirometry reference values in the Brazilian population	journal-article	http://dx.doi.org/10.1590/1414-431x20175700	50	Braz J Med Biol Res	2017	NA	NA	NA	NA	NA	NA	R. Rufino, C.H. Costa, A.J. Lopes, A.I. Maiworm, K. Maynard, L.M.R.A. Silva, R.M. Dias	2017	0	4.5	0.492	A3
Vascular and Endovascular Surgery	2023-03-22	2023-09-22	2023-10	10.1177/15385744231165877	2023-09-23	1538-5744,1938-9116	7	2023-03-22	179	673-679	10.1177	SAGE Publications	1	Crossref	26	26	0	Superficial Femoral Artery in-Stent Restenosis Treated with Paclitaxel-Coated Balloon Angioplasty – Results of Three-Year Follow-Up	journal-article	http://dx.doi.org/10.1177/15385744231165877	57	Vasc Endovascular Surg	2023-03-22	en	http://dx.doi.org/10.1177/sage-journals-update-policy	NA	NA	NA	NA	Julio Cesar Peclat de Oliveira, Rossano Kepler Alvim Fiorelli, Ana Paula Rolim Maia Peclat, Lucas Maia Peclat de Oliveira, Rafael Oliveira, Sergio Quilici Belczac, Renato Santos Almeida, Marcelo Bellini Dalio, Edwaldo Edner Joviliano, Bianca Gutfilen	2023	0	1.8	0.348	B2
Jornal dos Comitês	2023-12-11	2023-12-11	2023	10.5935/2675-7133.20230045	2023-12-12	2675-7133	4	2023	3948	NA	10.5935	GN1 Sistemas e Publicacoes Ltd.	1	Crossref	0	0	0	Terapia Cognitivo Funcional	journal-article	http://dx.doi.org/10.5935/2675-7133.20230045	7	JC	2023	NA	NA	NA	NA	NA	NA	Jessica Fernandez, Luciana Lunkes	2023	0	NA	NA	NA
Healthcare	2021-11-17	2021-11-29	NA	10.3390/healthcare9111560	2023-11-06	2227-9032	11	2021-11-16	1968	1560	10.3390	MDPI AG	1	Crossref	47	47	5	The Aftermath of the COVID-19 Crisis in Saudi Arabia: Respiratory Rehabilitation Recommendations by Physical Therapists	journal-article	http://dx.doi.org/10.3390/healthcare9111560	9	Healthcare	2021-11-16	en	NA	NA	NA	NA	NA	Ravi Shankar Reddy, Ajay Prashad Gautam, Jaya Shanker Tedla, Arthur Sá Ferreira, Luis Felipe Fonseca Reis, Kalyana Chakravarthy Bairapareddy, Venkata Nagaraj Kakaraparthi, Kumar Gular	2021	0	4.9	0.606	A3
Journal of Physical Therapy Science	2014-03-25	2021-04-27	2014	10.1589/jpts.26.461	2024-02-27	0915-5287,2187-5626	3	2014	533	461-464	10.1589	Society of Physical Therapy Science	1	Crossref	25	25	12	The Effect of a Patellar Bandage on the Postural Control of Individuals with          Patellofemoral Pain Syndrome	journal-article	http://dx.doi.org/10.1589/jpts.26.461	26	J Phys Ther Sci	NA	en	NA	NA	NA	NA	NA	Lilian Ramiro Felicio, Cátia de Lourdes Masullo, Marcelo Camargo Saad, Débora Bevilaqua-Grossi	2014	0	NA	NA	C
Manual Therapy	2016-07-13	2018-09-10	2016-09	10.1016/j.math.2016.05.249	2022-04-05	1356-689X	NA	2016-09	78	e132-e133	10.1016	Elsevier BV	1	Crossref	0	0	0	The effect of manipulative manual therapy, in improving range of motion and reducing the intensity of pain in subjects with ankle sprain – A systematic review	journal-article	http://dx.doi.org/10.1016/j.math.2016.05.249	25	Manual Therapy	NA	en	NA	NA	NA	NA	NA	F. Silveira, L. Teixeira, L.C. Nogueira	2016	0	NA	NA	A2
Journal of the Neurological Sciences	2015-11-02	2018-09-17	2015-10	10.1016/j.jns.2015.08.1257	2022-04-01	0022-510X	NA	2015-10	78	e352	10.1016	Elsevier BV	1	Crossref	0	0	0	The Impact of motor disability on daily life activities and in Tropical Spastic Paraparesis (HAM/TSP)	journal-article	http://dx.doi.org/10.1016/j.jns.2015.08.1257	357	Journal of the Neurological Sciences	NA	en	NA	NA	NA	NA	NA	R.C. Caiafa, M. Orsini, V. Guedes, L. Machiarullo, M. Xavier, A.C.A.F. Ferreira, L.R. Felicio, M. Puccioni-Sohler	2015	0	6.5	1.042	A3
Isokinetics and Exercise Science	2017-11-14	2019-12-02	2018-03-07	10.3233/ies-171179	2024-06-06	0959-3020,1878-5913	1	2018-03-07	7437	17-27	10.3233	IOS Press	1	Crossref	43	43	2	The relationship between muscle function, lung function and quality of life in patients with chronic obstructive pulmonary disease (COPD)	journal-article	http://dx.doi.org/10.3233/ies-171179	26	IES	NA	NA	NA	NA	NA	NA	NA	Ádrea L. Hora, Fernando S. Guimarães, Sara L.S. Menezes, Mauricio S. Soares, Priscila S. Bunn, Agnaldo J. Lopes	2018	0	1.2	0.266	B1
Asian Journal of Sports Medicine	2020-06-30	2023-09-25	NA	10.5812/asjsm.103030	2024-02-06	2008-000X,2008-7209	3	2020-06-30	3819	NA	10.5812	Briefland	1	Crossref	32	32	3	The Relationship Between Postural Stability, Anthropometry Measurements, Body Composition, and Sport Experience in Judokas with Visual Impairment	journal-article	http://dx.doi.org/10.5812/asjsm.103030	11	Asian J Sports Med	2020-06-30	NA	http://dx.doi.org/10.5812/crossmark_update_policy	NA	NA	NA	NA	Bruno Ferreira Jeronymo, Pablo Rodrigo de Oliveira Silva, Míriam Mainenti, Lilian Ramiro Felicio, Arthur de Sá Ferreira, Thiago Lemos de Carvalho, Patrícia Vigário	2020	0	1.0	0.194	B1
Fisioterapia em Movimento	2018-03-10	2022-08-15	NA	10.1590/1980-5918.030.s01.ao18	2022-08-15	1980-5918	suppl 1	2017	530	183-195	10.1590	FapUNIFESP (SciELO)	1	Crossref	30	30	2	Transcultural adaptation into Portuguese of an instrument for pain evaluation based on the biopsychosocial model	journal-article	http://dx.doi.org/10.1590/1980-5918.030.s01.ao18	30	Fisioter. mov.	2017	NA	NA	NA	NA	NA	NA	Monique Rocha Peixoto dos Santos, Leandro Calazans Nogueira, Ney Armando Meziat-Filho, Rob Oostendorp, Felipe José Jandre dos Reis	2017	0	0.3	0.123	B1
Brazilian Journal Of Pain	2018-10-10	2024-06-05	2018	10.5935/2595-0118.20180057	2024-06-06	2595-0118	4	2018	3948	NA	10.5935	GN1 Sistemas e Publicacoes Ltd.	1	Crossref	0	0	0	Transcultural adaptation of the Injustice Experience Questionnaire into Brazilian Portuguese	journal-article	http://dx.doi.org/10.5935/2595-0118.20180057	1	NA	NA	en	NA	NA	NA	NA	NA	Daiane Lopes dos Santos, Marcella de Souza Marins, Leandro Calazans Nogueira, Renato S. Almeida, Michael John L. Sullivan, Felipe Reis	2018	0	NA	NA	B1
International Journal of Sports Medicine	2015-06-04	2017-05-23	NA	10.1055/s-0034-1395590	2024-05-18	0172-4622,1439-3964	10	2015-06-03	194	796-802	10.1055	Georg Thieme Verlag KG	1	Crossref	0	0	15	Utility of a Non-Exercise VO2max Prediction Model for Designing Ramp Test Protocols	journal-article	http://dx.doi.org/10.1055/s-0034-1395590	36	Int J Sports Med	2015-06-03	en	NA	NA	NA	NA	NA	F. Cunha, A. Midgley, R. Montenegro, F. Vasconcellos, P. Farinatti	2015	0	5.4	0.73	A2
Research, Society and Development	2021-09-12	2021-09-12	NA	10.33448/rsd-v10i11.20026	2022-03-29	2525-3409	11	2021-09-11	19099	e575101120026	10.33448	Research, Society and Development	1	Crossref	0	0	0	Utilização de cardiofrequencímetros para mensuração da Variabilidade da Frequência Cardíaca no repouso: uma revisão de literatura	journal-article	http://dx.doi.org/10.33448/rsd-v10i11.20026	10	RSD	2021-09-11	NA	NA	NA	NA	NA	NA	Patrícia Castro, Tainah de Paula Lima, Roberto Miranda Ramos Costa, Felipe Amorim da Cunha, Patrícia dos Santos Vigário	2021	0	NA	NA	C
Brazilian Journal of Physical Therapy	2024-03-21	2024-03-23	2024-04	10.1016/j.bjpt.2024.100945	2024-03-24	1413-3555	NA	2024-04	78	100945	10.1016	Elsevier BV	1	Crossref	0	0	0	VARIABILITY OF 6-MINUTE WALK DISTANCE IN PATIENTS WITH INTERSTITIAL LUNG DISEASE ASSOCIATED WITH DIFFUSE CUTANEOUS SYSTEMIC SCLEROSIS	journal-article	http://dx.doi.org/10.1016/j.bjpt.2024.100945	28	Brazilian Journal of Physical Therapy	NA	en	http://dx.doi.org/10.1016/elsevier_cm_policy	NA	NA	NA	NA	Nathália Alves de Oliveira Saraiva, Iasmim de Oliveira Farias, Brenda Mesquita dos Santos, Agnaldo José Lopes	2024	0	6.4	1.008	A2
CONTRIBUCIONES A LAS CIENCIAS SOCIALES	2024-02-17	2024-02-23	NA	10.55905/revconv.17n.2-162	2024-02-24	1988-7833,1988-7833	2	2024-02-16	30764	e5202	10.55905	South Florida Publishing LLC	1	Crossref	0	0	0	Variations of nursing care in patients with COVID-19 in the northern region of Brazil	journal-article	http://dx.doi.org/10.55905/revconv.17n.2-162	17	CLCS	2024-02-16	NA	NA	NA	NA	NA	NA	Mônica Borchart Nicolau, Giselle Faria Galhardo, Humberto Negrão Teixeira Fernandes, Patricia Maria Dusek, Agnaldo José Lopes	2024	0	NA	NA	A4
Revista Portuguesa de Pneumologia (English Edition)	2017-03-01	2019-09-19	2017-05	10.1016/j.rppnen.2017.01.004	2023-10-06	2173-5115	3	2017-05	78	132-138	10.1016	Elsevier BV	1	Crossref	32	32	2	Ventilation distribution and small airway function in patients with systemic sclerosis	journal-article	http://dx.doi.org/10.1016/j.rppnen.2017.01.004	23	Revista Portuguesa de Pneumologia (English Edition)	NA	en	http://dx.doi.org/10.1016/elsevier_cm_policy	NA	NA	NA	NA	B.R.A. Silva, R. Rufino, C.H. Costa, V.S. Vilela, R.A. Levy, A.J. Lopes	2017	0	NA	NA	NA
Movimenta (ISSN 1984-4298)	2023-09-18	2023-09-18	NA	10.31668/movimenta.v16i2.14271	2023-09-19	1984-4298	2	2023-08-29	16812	e20230011	10.31668	Universidade Estadual De Goias	1	Crossref	0	0	0	VII CONGRESSO BRASILEIRO DE FISIOTERAPIA NEUROFUNCIONAL, III CONGRESSO INTERNACIONAL DA ASSOCIAÇÃO BRASILEIRA DE FISIOTERAPIA NEUROFUNCIONAL E II SIMPÓSIO INTERNACIONAL DE SAÚDE FUNCIONAL	journal-article	http://dx.doi.org/10.31668/movimenta.v16i2.14271	16	Movimenta	2023-08-29	NA	NA	NA	NA	NA	NA	Comissão Organizadora	2023	0	NA	NA	B3
Revista Brasileira de Fisiologia do Exercício	2024-02-29	2024-02-29	NA	10.33233/rbfex.v22i1.5552	2024-03-01	2675-1372,1677-8510	1	2023-11-10	18483	e225552	10.33233	Convergences Editorial	1	Crossref	0	0	0	VIII Congresso de Ortopedia e Medicina Esportiva da Universidade Federal de Juiz de Fora	journal-article	http://dx.doi.org/10.33233/rbfex.v22i1.5552	22	Rev Bras Fisiol Exerc	2023-11-10	NA	NA	Suplemento - e225552 - publicado 20 de novembro de 2023	NA	NA	NA	Vitor Franco de Santana, Pedro Castro Areias, Ana Beatriz Maia de Almeida Guimarães, Isadora de Cássia Oliveira Leal, Matheus Azevedo Lobato, João Vitor Santos Gamonal, Henrique Correa Teixeira, Henrique Tadeu Resende Silva	2023	0	NA	NA	B2
Arquivos de Neuro-Psiquiatria	2013-10-29	2017-05-27	2013-08	10.1590/0004-282x20130080	2023-02-03	0004-282X	8	2013-08	530	521-526	10.1590	FapUNIFESP (SciELO)	1	Crossref	30	30	14	Walking execution is not affected by divided attention in                patients with multiple sclerosis with no disability, but there is a motor planning                impairment	journal-article	http://dx.doi.org/10.1590/0004-282x20130080	71	Arq. Neuro-Psiquiatr.	NA	NA	NA	NA	NA	NA	NA	Leandro Alberto Calazans Nogueira, Luciano Teixeira dos Santos, Pollyane Galinari Sabino, Regina Maria Papais Alvarenga, Luiz Claudio Santos Thuler	2013	0	2.1	0.341	B2
Biosystems &amp; Biorobotics	2021-07-01	2021-07-01	2022	10.1007/978-3-030-69547-7	2023-08-31	2195-3562,2195-3570	NA	2022	297	NA	10.1007	Springer International Publishing	1	Crossref	0	0	3	Wearable Robotics: Challenges and Trends	book	http://dx.doi.org/10.1007/978-3-030-69547-7	NA	NA	NA	NA	NA	Proceedings of the 5th International Symposium on Wearable Robotics, WeRob2020, and of WearRAcon Europe 2020, October 13–16, 2020	NA	NA	9783030695460,9783030695477	 	2022	0	0.7	NA	NA
Journal of Physical Therapy Science	2015-04-01	2023-08-09	2015	10.1589/jpts.27.719	2023-08-09	0915-5287,2187-5626	3	2015	533	719-724	10.1589	Society of Physical Therapy Science	1	Crossref	41	41	10	What is the effect of peripheral muscle fatigue, pulmonary function, and body composition on functional exercise capacity in acromegalic patients?	journal-article	http://dx.doi.org/10.1589/jpts.27.719	27	J Phys Ther Sci	NA	en	NA	NA	NA	NA	NA	Agnaldo José Lopes, Débora Pedroza Guedes da Silva, Arthur de Sá Ferreira, Leandro Kasuki, Mônica Roberto Gadelha, Fernando Silva Guimarães	2015	0	NA	NA	C
